historical_PC,harmonized_PC,correlation,abs_correlation
Dim.1,Dim.1,0.679277494262847,0.679277494262847
Dim.2,Dim.1,0.7331238994873588,0.7331238994873588
Dim.3,Dim.1,-0.0012518704317761983,0.0012518704317761983
Dim.4,Dim.1,3.0516323366320404e-6,3.0516323366320404e-6
Dim.5,Dim.1,-0.012032954075837566,0.012032954075837566
Dim.6,Dim.1,0.010629656335354537,0.010629656335354537
Dim.7,Dim.1,0.020256495248438033,0.020256495248438033
Dim.1,Dim.2,0.7275792561931456,0.7275792561931456
Dim.2,Dim.2,-0.6738595517135091,0.6738595517135091
Dim.3,Dim.2,0.11423067478653925,0.11423067478653925
Dim.4,Dim.2,0.040422058917709766,0.040422058917709766
Dim.5,Dim.2,-0.00858396858440057,0.00858396858440057
Dim.6,Dim.2,-0.005887955049907928,0.005887955049907928
Dim.7,Dim.2,-0.007787006616326948,0.007787006616326948
Dim.1,Dim.3,-0.07787687009627155,0.07787687009627155
Dim.2,Dim.3,0.07420777919348556,0.07420777919348556
Dim.3,Dim.3,0.9870350503213421,0.9870350503213421
Dim.4,Dim.3,-0.10534890691929095,0.10534890691929095
Dim.5,Dim.3,0.009115743754053999,0.009115743754053999
Dim.6,Dim.3,2.111716763921896e-4,2.111716763921896e-4
Dim.7,Dim.3,-0.016531360387744665,0.016531360387744665
Dim.1,Dim.4,-0.035972786088319254,0.035972786088319254
Dim.2,Dim.4,0.03236998940098454,0.03236998940098454
Dim.3,Dim.4,0.09309404254240364,0.09309404254240364
Dim.4,Dim.4,0.9771141388241052,0.9771141388241052
Dim.5,Dim.4,-0.10471849754098833,0.10471849754098833
Dim.6,Dim.4,0.0394503023873361,0.0394503023873361
Dim.7,Dim.4,-0.09714991070165165,0.09714991070165165
Dim.1,Dim.5,-0.009813998985303177,0.009813998985303177
Dim.2,Dim.5,-0.0079567033381645,0.0079567033381645
Dim.3,Dim.5,-0.004383994294690958,0.004383994294690958
Dim.4,Dim.5,-0.10428830968655162,0.10428830968655162
Dim.5,Dim.5,-0.9898698839249989,0.9898698839249989
Dim.6,Dim.5,-0.0295791155506537,0.0295791155506537
Dim.7,Dim.5,0.04434461875427407,0.04434461875427407
Dim.1,Dim.6,3.639204186461661e-4,3.639204186461661e-4
Dim.2,Dim.6,-0.0058502410259848175,0.0058502410259848175
Dim.3,Dim.6,-0.008615331066872681,0.008615331066872681
Dim.4,Dim.6,-0.05762566869870595,0.05762566869870595
Dim.5,Dim.6,-0.027278387274160786,0.027278387274160786
Dim.6,Dim.6,0.948120197647336,0.948120197647336
Dim.7,Dim.6,-0.2613092801704953,0.2613092801704953
Dim.1,Dim.7,-0.00408275022352896,0.00408275022352896
Dim.2,Dim.7,-0.01489051152684799,0.01489051152684799
Dim.3,Dim.7,0.00945049403945594,0.00945049403945594
Dim.4,Dim.7,0.07582854864268648,0.07582854864268648
Dim.5,Dim.7,0.06203596719325822,0.06203596719325822
Dim.6,Dim.7,0.13901661308694888,0.13901661308694888
Dim.7,Dim.7,0.7960258430895593,0.7960258430895593
