wavenumber,variable,PC1,PC2,PC3,PC4,PC5
3398.17526,wn_3398.18,0.17414617298917254,0.36868574454902175,-0.15777142370407965,-0.15662578336853789,0.044556934436049696
3396.24667,wn_3396.25,0.1679372642106538,0.3648192709595144,-0.1559753368493419,-0.15756731736499524,0.04440089409625691
3394.31808,wn_3394.32,0.1603466901676099,0.36120872752305633,-0.15376934679196713,-0.15830474642414868,0.04401515132953495
3392.38949,wn_3392.39,0.15156051013115832,0.35825218534627135,-0.15132496189881073,-0.15933025581383298,0.04334765688105224
3390.46091,wn_3390.46,0.14162227181979897,0.3552160511307805,-0.14868987623902713,-0.1594700653046244,0.04255730602635889
3388.53232,wn_3388.53,0.1306408342930821,0.35209035348229784,-0.14593452814336177,-0.15961091625023,0.04183878440501623
3386.60373,wn_3386.6,0.11857256189763936,0.34817915667151805,-0.14319367830013396,-0.15931218121660978,0.041440875828328505
3384.67514,wn_3384.68,0.10587376195657572,0.3441410231521736,-0.14037176050725148,-0.15890096228976183,0.04104379406269977
3382.74655,wn_3382.75,0.09285993899104762,0.3403212886106709,-0.13748343820009698,-0.1584052112269392,0.0404650612685874
3380.81796,wn_3380.82,0.07972465600220634,0.33677348870709684,-0.13456869334728583,-0.15789887141929362,0.039704568628454895
3378.88937,wn_3378.89,0.066387523720896,0.33333503588739316,-0.1317451380865557,-0.15742891382373822,0.039049578564282844
3376.96078,wn_3376.96,0.05317773110399794,0.33065182788422376,-0.12890357780008002,-0.1581297917932485,0.03831495103371974
3375.03219,wn_3375.03,0.0401113333321473,0.3280225190164447,-0.12624303654017927,-0.1588657561400992,0.037592790636891645
3373.1036,wn_3373.1,0.02700670301927588,0.3243265005330184,-0.12386683549585206,-0.15837457829554674,0.03733722114980804
3371.17501,wn_3371.18,0.014295137806057122,0.32042948221534673,-0.12139851675311045,-0.15793115109352426,0.03729080257516679
3369.24642,wn_3369.25,0.002218048087160312,0.3169469613335248,-0.11873090587188836,-0.1574722718567444,0.03702171411523307
3367.31783,wn_3367.32,-0.009108371919435624,0.31367894739140173,-0.11608670953182468,-0.15697559151151813,0.03659306094192979
3365.38924,wn_3365.39,-0.0197909997386382,0.3107044364167303,-0.11351490514777407,-0.15685294963752855,0.036087345102991074
3363.46065,wn_3363.46,-0.03006174800455681,0.30727886271236804,-0.11112810111039673,-0.15608134970374793,0.03565083190806241
3361.53206,wn_3361.53,-0.03983987621161942,0.30372425660396674,-0.10881194674021363,-0.15536250984888958,0.03535009935960909
3359.60347,wn_3359.6,-0.048921407084843084,0.3001987486947914,-0.10641954620244998,-0.1553434050591857,0.0349804333470333
3357.67488,wn_3357.67,-0.05730325997405523,0.29639030825569745,-0.10412352844350561,-0.15466784940148925,0.034609822789267726
3355.74629,wn_3355.75,-0.0648192646849535,0.29303020267821367,-0.10182369148779181,-0.1547253901631283,0.03381240564386106
3353.8177,wn_3353.82,-0.07184345320957984,0.28962642089013846,-0.09973973671634541,-0.15429265101535203,0.03305733330511845
3351.88911,wn_3351.89,-0.07868439839985722,0.28612888999143715,-0.09803580284213173,-0.15373391906017142,0.03249478341783748
3349.96052,wn_3349.96,-0.085502527799784,0.2824630129432491,-0.09660422213759103,-0.1532876988724132,0.0322059885821847
3348.03193,wn_3348.03,-0.09232171249774297,0.2785015844428932,-0.09532106015271853,-0.15287694917396302,0.032127468345675696
3346.10334,wn_3346.1,-0.09914325146515383,0.2742085094090702,-0.09415527230564373,-0.15258833372910718,0.03227997717593905
3344.17475,wn_3344.17,-0.10547145990529765,0.2704423736466493,-0.09277068385924582,-0.15362541258346868,0.03227171188993839
3342.24616,wn_3342.25,-0.11149952854011444,0.26684641092181216,-0.09111520297783371,-0.154163388879554,0.03204008202154365
3340.31757,wn_3340.32,-0.11756129083792996,0.26267784000049055,-0.08957195048438163,-0.1534330751918125,0.031806579482416816
3338.38898,wn_3338.39,-0.12356930398670705,0.2582156497421492,-0.08803914615532189,-0.1526293568418756,0.0316132003757203
3336.46039,wn_3336.46,-0.12938723712804873,0.2537381389922676,-0.08650677216176805,-0.15275618077787584,0.03121777925571908
3334.5318,wn_3334.53,-0.13516588494559886,0.2489510426975649,-0.08500374124364542,-0.15287019832565157,0.030895645745346652
3332.60321,wn_3332.6,-0.14101795058186475,0.24382231809433447,-0.08338532004981697,-0.1528076028966064,0.030737139834632488
3330.67462,wn_3330.67,-0.1468928012511612,0.23845912542163483,-0.08187501005664104,-0.15189909972612856,0.030582245606585835
3328.74603,wn_3328.75,-0.1523179839388502,0.23375432453084155,-0.08015469909276311,-0.151579833863406,0.029932003421306586
3326.81744,wn_3326.82,-0.15760446318206145,0.2293844858524418,-0.07839772021358135,-0.15103126294092425,0.029329462452011835
3324.88885,wn_3324.89,-0.1629277151385029,0.22468743571474245,-0.07678841786856444,-0.14985546918316073,0.0287912973146616
3322.96026,wn_3322.96,-0.1681237586805502,0.22020412445624507,-0.07512290469600719,-0.14961342318467014,0.02817420038790939
3321.03167,wn_3321.03,-0.17346530072987426,0.21595027167982464,-0.073572599313448,-0.1492843312680839,0.027418984559776136
3319.10308,wn_3319.1,-0.17884707645240408,0.2119792001704928,-0.0722233717879604,-0.14954911370226734,0.026697348582848647
3317.17449,wn_3317.17,-0.184281170104466,0.20795897353873133,-0.07100041705012541,-0.14989824653089198,0.026089212852548057
3315.2459,wn_3315.25,-0.18949350430407438,0.20449139799496135,-0.0695914497116574,-0.15102754345152608,0.025361583844438644
3313.31731,wn_3313.32,-0.19455651868022736,0.20089951725423127,-0.06824100213623997,-0.15159076715115946,0.024381729630639514
3311.38872,wn_3311.39,-0.19923942960830657,0.19771093186285602,-0.06681571942955601,-0.15250350377105157,0.0231604352065596
3309.46013,wn_3309.46,-0.2038175494567938,0.19457576484181713,-0.06545202149136707,-0.1532913427597231,0.021791245432289618
3307.53154,wn_3307.53,-0.20832742165606838,0.191538348371629,-0.06416591870432992,-0.15366483466973066,0.020446690329812004
3305.60295,wn_3305.6,-0.21287704615007758,0.1884389426964175,-0.06297538669557916,-0.15369797109681801,0.019304287872083624
3303.67436,wn_3303.67,-0.21738080658568007,0.185038002364021,-0.0618806201813019,-0.1530710586035161,0.018289796245601474
3301.74577,wn_3301.75,-0.22139426049007704,0.18246715414852907,-0.06049559386076926,-0.1534062605245821,0.0171804606065109
3299.81718,wn_3299.82,-0.22497648570314663,0.180512707255013,-0.05905342161470346,-0.15393190803120604,0.015950550879848695
3297.88859,wn_3297.89,-0.22827862735775703,0.17853631783318033,-0.0578608616973544,-0.15329198555273102,0.014739704306959719
3295.96,wn_3295.96,-0.23117826197191108,0.1765087184734116,-0.05671339752870281,-0.15184594666922166,0.013432845372676543
3294.03141,wn_3294.03,-0.23365418136556917,0.17490341152848382,-0.055698717501682093,-0.15091742907096756,0.011914319055787085
3292.10282,wn_3292.1,-0.23576485562787852,0.17336195403629162,-0.05492525673429446,-0.15062257634433043,0.010547819110992555
3290.17423,wn_3290.17,-0.23742310945075304,0.17193778271884932,-0.05429595456455631,-0.15036912985310405,0.00916913304793693
3288.24564,wn_3288.25,-0.23872931293495067,0.17108202778999027,-0.053647257309709394,-0.15039407999094886,0.007854443028916162
3286.31705,wn_3286.32,-0.23979540322166118,0.17040916528902364,-0.05322220559408171,-0.1500310979802195,0.006546598701343937
3284.38846,wn_3284.39,-0.24055762187788687,0.1699034759307133,-0.05297086006006095,-0.14942169165033706,0.0052610287614358415
3282.45988,wn_3282.46,-0.24104586873193593,0.16947925091641364,-0.052957322185592376,-0.14886814284555583,0.004103349882854283
3280.53129,wn_3280.53,-0.2412771092876177,0.16946022925287174,-0.05315716052121999,-0.14804490256720704,0.0031313898887519375
3278.6027,wn_3278.6,-0.24100127029575286,0.17024314241443123,-0.05337369086666264,-0.14820117370740615,0.002244067032122782
3276.67411,wn_3276.67,-0.24062299439437573,0.17100226764182228,-0.05368809288970827,-0.14752599796117455,0.0016696957289603904
3274.74552,wn_3274.75,-0.23966726792758186,0.17275856655328678,-0.053886631245813846,-0.1472372199906255,7.462120600013291e-4
3272.81693,wn_3272.82,-0.2381250156651348,0.17539807612307057,-0.0541492308214056,-0.1469816241550603,-3.871162049230445e-4
3270.88834,wn_3270.89,-0.23633501919861208,0.17851366171625446,-0.054774366121836546,-0.14591096877736595,-0.0014577011900119563
3268.95975,wn_3268.96,-0.2344070756519528,0.18188890393900603,-0.055642046708874966,-0.14445917795359947,-0.002421542688359708
3267.03116,wn_3267.03,-0.2324824743758188,0.18528877975507693,-0.05676781125412404,-0.14272568822934661,-0.003140293730757675
3265.10257,wn_3265.1,-0.23055674561850456,0.18860695596434005,-0.05826122485950033,-0.14077436570199886,-0.003485815640396724
3263.17398,wn_3263.17,-0.2283655527633421,0.19208255703285143,-0.05975801605163074,-0.1386855271605757,-0.003808667548038174
3261.24539,wn_3261.25,-0.22600237506331083,0.19557955757223866,-0.061402931095199766,-0.13630747620335779,-0.003981227066994992
3259.3168,wn_3259.32,-0.22306305086785488,0.19937638667011706,-0.0630854415664343,-0.13454401314951844,-0.00428977270975554
3257.38821,wn_3257.39,-0.21981962712878442,0.20289858220043688,-0.06483830421662888,-0.13225795342466803,-0.004520444632542456
3255.45962,wn_3255.46,-0.2163264330444804,0.20640695872365797,-0.06684074530573282,-0.12998279793893003,-0.0044547205570405115
3253.53103,wn_3253.53,-0.2123767730186055,0.2103183137023875,-0.06884359165077779,-0.12832443168816396,-0.004416021117460662
3251.60244,wn_3251.6,-0.20825580234817445,0.21387356203312877,-0.07088482888065978,-0.12625636572029494,-0.004271500946540046
3249.67385,wn_3249.67,-0.20367728348884437,0.21749617989318396,-0.07283052321473271,-0.12516719042658583,-0.004512293572711301
3247.74526,wn_3247.75,-0.19890937344580145,0.22131565299023337,-0.07448708425799645,-0.12425563481345124,-0.005157611358390863
3245.81667,wn_3245.82,-0.19467380019393637,0.22443962361725972,-0.07617539036637734,-0.12201211843835455,-0.005613183095112324
3243.88808,wn_3243.89,-0.19143973438375833,0.22703910109037068,-0.0779083421071586,-0.1191477602772415,-0.005855483049516897
3241.95949,wn_3241.96,-0.18919993827936535,0.22946060928906048,-0.07956244332835151,-0.11692648741635814,-0.005907301193566943
3240.0309,wn_3240.03,-0.18810241830571492,0.2317251439993624,-0.08097591559011941,-0.11546641079620676,-0.005769466956040572
3238.10231,wn_3238.1,-0.1879688579734717,0.2338104453822938,-0.08213959590870575,-0.1141988919583225,-0.005734020707673526
3236.17372,wn_3236.17,-0.18840632031747354,0.23611808989003372,-0.08267363221426882,-0.11304388822061444,-0.006125415036495782
3234.24513,wn_3234.25,-0.18934885466963136,0.2381250334161859,-0.08298003118312168,-0.11061099851214398,-0.006712360030789506
3232.31654,wn_3232.32,-0.1904541964777121,0.2403548902096289,-0.0829997325820501,-0.10826209080738532,-0.007585968573331245
3230.38795,wn_3230.39,-0.19184735097316238,0.24248156998539241,-0.082949273681139,-0.10601370219976393,-0.008495063367521236
3228.45936,wn_3228.46,-0.19337170776597648,0.24454835566940117,-0.08283296008868339,-0.1040138273892822,-0.00941187070034646
3226.53077,wn_3226.53,-0.1947114980514196,0.2468001543827291,-0.08251326104879103,-0.10258477934774281,-0.010382796799854505
3224.60218,wn_3224.6,-0.19580200686350202,0.24934439695328664,-0.08218905263337224,-0.1017159928975039,-0.011501571366493891
3222.67359,wn_3222.67,-0.196680488802251,0.2516854085301827,-0.08190179185048059,-0.09995797945679445,-0.012608321812739074
3220.745,wn_3220.74,-0.1973513486703643,0.253967901680906,-0.08167064577321254,-0.09740525979503202,-0.013620768702079475
3218.81641,wn_3218.82,-0.1978799236483224,0.2560725743614563,-0.08149453725091665,-0.09499207986435373,-0.014520555401097103
3216.88782,wn_3216.89,-0.19828642882407083,0.2576828203305919,-0.08125113041006163,-0.09236260521506592,-0.015391024164037433
3214.95923,wn_3214.96,-0.19864040657412615,0.25928423844019355,-0.08103949111456467,-0.08970297291628115,-0.01617603452111762
3213.03064,wn_3213.03,-0.1985576585032474,0.261328542765625,-0.08064239789181124,-0.08852807842872361,-0.017231138063939062
3211.10205,wn_3211.1,-0.1984592096728228,0.263099873152266,-0.08032314701689254,-0.08670719264624115,-0.018249385309525815
3209.17346,wn_3209.17,-0.19815913799188437,0.2648978411453623,-0.07993694399402139,-0.08497075179383269,-0.019208414734844234
3207.24487,wn_3207.24,-0.19766735231203736,0.2664824494930302,-0.07972943079807804,-0.08342247010049615,-0.020072332198909117
3205.31628,wn_3205.32,-0.19702770925475704,0.26789141099969516,-0.07944968657508246,-0.0821618459609294,-0.020908476723669862
3203.38769,wn_3203.39,-0.19615185264018384,0.26942111136077274,-0.07900711932756133,-0.08168753616907937,-0.021845602753594668
3201.4591,wn_3201.46,-0.19536213055025747,0.27067859703270764,-0.07865870311067165,-0.08043948319441314,-0.0228027860254847
3199.53051,wn_3199.53,-0.19454491791555872,0.2718292803462582,-0.07843976560721062,-0.0789917131044431,-0.02373308512161286
3197.60192,wn_3197.6,-0.19389981059888406,0.27264047431578287,-0.07847161296198323,-0.07680208883529262,-0.024577200711806933
3195.67333,wn_3195.67,-0.19319987549524986,0.2737363582369013,-0.07855820097225599,-0.07483940776867291,-0.025353764984883644
3193.74474,wn_3193.74,-0.19250351993835635,0.2747978764252787,-0.07865732074690346,-0.07293451226686684,-0.026100337119065203
3191.81615,wn_3191.82,-0.19168669909377425,0.27574471958136204,-0.07871935965860002,-0.07108456628785785,-0.02688555611887573
3189.88756,wn_3189.89,-0.19074707329849772,0.2771533610622836,-0.0788580175882755,-0.06959352967534191,-0.027769868986489973
3187.95897,wn_3187.96,-0.18966187894206116,0.27904999761779437,-0.07897778752815124,-0.06790484349269181,-0.02877442907466585
3186.03038,wn_3186.03,-0.18837433922664276,0.2810533976777454,-0.07904367729501656,-0.06630426034307041,-0.029944069447648533
3184.10179,wn_3184.1,-0.18700268452499524,0.283038405097529,-0.0792913773508713,-0.06396026591874346,-0.031061191989819645
3182.1732,wn_3182.17,-0.1855275645275987,0.285223887505704,-0.07944521498138644,-0.0614451629128807,-0.03215241853276254
3180.24461,wn_3180.24,-0.18381025345958252,0.28763196335747726,-0.07953783479478653,-0.05953419723450889,-0.03330361405085659
3178.31602,wn_3178.32,-0.18202650185893132,0.29018008536373935,-0.07943930661268354,-0.057693787001838776,-0.03452147436146245
3176.38743,wn_3176.39,-0.18031776019577128,0.2927285546565953,-0.07934229381057342,-0.05573023571098019,-0.03571222015748062
3174.45885,wn_3174.46,-0.17851577923516468,0.29574855535066696,-0.07934919950258769,-0.05419709851194712,-0.03708752577340374
3172.53026,wn_3172.53,-0.1765832566265657,0.29876730998342405,-0.07934129365090674,-0.0529259272044575,-0.03865365179068469
3170.60167,wn_3170.6,-0.17467332703004393,0.30139432690298795,-0.07936619502198568,-0.05107560760143047,-0.040185546502395655
3168.67308,wn_3168.67,-0.17287279213083315,0.30389442314369086,-0.07936933044849169,-0.04923603940096858,-0.04155226859757691
3166.74449,wn_3166.74,-0.17119375902297745,0.3058467726057541,-0.07943891931641796,-0.04682042292397947,-0.04273907733790974
3164.8159,wn_3164.82,-0.16968905839870682,0.3077448086379231,-0.07980913666224182,-0.04416638845673841,-0.043722127128009644
3162.88731,wn_3162.89,-0.16817381697980718,0.3101192007548215,-0.0802746742479856,-0.04199199973360667,-0.04475587419565298
3160.95872,wn_3160.96,-0.16664204703471935,0.3126346158827926,-0.08064019384865824,-0.03985735362575174,-0.04571109165967269
3159.03013,wn_3159.03,-0.1650159386014142,0.3153389153356301,-0.08088109128212662,-0.038398222666531,-0.04663140069436478
3157.10154,wn_3157.1,-0.16326366210330875,0.31802865155800425,-0.0811460974856757,-0.03688982363241934,-0.04753659845630473
3155.17295,wn_3155.17,-0.16174312447065864,0.3201391643111643,-0.08143036635715659,-0.0342377745069664,-0.048301535323843285
3153.24436,wn_3153.24,-0.16013081996220943,0.3225687843149198,-0.08160775190430354,-0.03239456597456626,-0.04917923212920383
3151.31577,wn_3151.32,-0.15874470462002366,0.32474723610754674,-0.08191560730597702,-0.030068312574717506,-0.04993801841257344
3149.38718,wn_3149.39,-0.1575054658151427,0.3266581372043607,-0.08221764942801107,-0.02807283983572313,-0.050609824233529166
3147.45859,wn_3147.46,-0.1561558752390364,0.32867677603334494,-0.08248534405731918,-0.026920899071407937,-0.05135222004446045
3145.53,wn_3145.53,-0.15480997110472347,0.33062446444531196,-0.082779551975489,-0.025797961643997478,-0.052156424872087395
3143.60141,wn_3143.6,-0.15356950098618397,0.33227507784772903,-0.08297511460799648,-0.024075678085231714,-0.0528714318448124
3141.67282,wn_3141.67,-0.15234012703588617,0.3341555288660638,-0.0831873532347094,-0.023160549014980245,-0.05357362494717986
3139.74423,wn_3139.74,-0.15119010323900314,0.33546369854567215,-0.08358235727805753,-0.021881029488323555,-0.0541984764558189
3137.81564,wn_3137.82,-0.1503180742341065,0.3364624460429112,-0.08416007116530796,-0.020179173511924147,-0.0546037342959659
3135.88705,wn_3135.89,-0.14948298039331115,0.33745408167419955,-0.0846032416641518,-0.018674328792984873,-0.05501357331153528
3133.95846,wn_3133.96,-0.14854340313941575,0.3385405312000929,-0.08492309418177453,-0.017845840396971877,-0.055373517081702385
3132.02987,wn_3132.03,-0.1476636617757821,0.33937970585781085,-0.08526228820771646,-0.017195236198548063,-0.05565397179563888
3130.10128,wn_3130.1,-0.14683101131576232,0.340282281958872,-0.08560723656379077,-0.01652537315722443,-0.05601599384000728
3128.17269,wn_3128.17,-0.14620312735940766,0.34128385825832097,-0.08602964280914331,-0.01591101110854479,-0.056370501637407554
3126.2441,wn_3126.24,-0.14601225677226046,0.34196610303298863,-0.08673959890226479,-0.01459611051272577,-0.05640234956022185
3124.31551,wn_3124.32,-0.14599293367922206,0.34247434387804093,-0.08763606807510921,-0.013299606158755481,-0.05629504793240877
3122.38692,wn_3122.39,-0.14602232489555556,0.3424830670649556,-0.0883746429146416,-0.01238823538512903,-0.05614775888976053
3120.45833,wn_3120.46,-0.14586794772653108,0.34251469799475265,-0.08895199765719365,-0.012103507968852343,-0.05608594404277984
3118.52974,wn_3118.53,-0.14574875828447614,0.34255007121184416,-0.08942071871291314,-0.011090671850156572,-0.05626726528674989
3116.60115,wn_3116.6,-0.14569177485439996,0.3426454450077643,-0.08974859575167551,-0.009525880175941732,-0.05667077866729053
3114.67256,wn_3114.67,-0.14554636039223523,0.34293072254513385,-0.09005462020873102,-0.008194766009251784,-0.05728424760320325
3112.74397,wn_3112.74,-0.14543776782487275,0.3429269125634318,-0.09028950315498491,-0.007118671732777551,-0.05789392331687556
3110.81538,wn_3110.82,-0.14524291399190076,0.3430954746644891,-0.09028062056241207,-0.006777655099476712,-0.0585036115063399
3108.88679,wn_3108.89,-0.14513903081783394,0.34325442634031267,-0.0902142574763981,-0.006407399694161123,-0.05914975836057011
3106.9582,wn_3106.96,-0.1450891116584699,0.34328352214695085,-0.09025993101305349,-0.005970459398646427,-0.05968093100719303
3105.02961,wn_3105.03,-0.14531726402760461,0.3429872510354172,-0.09045793672506347,-0.004963088002584346,-0.06001857019736237
3103.10102,wn_3103.1,-0.14589601296743318,0.3423507335107497,-0.09065134545482181,-0.0032644050884399495,-0.060178539398250554
3101.17243,wn_3101.17,-0.14662205680904974,0.3413826457238031,-0.090753695768102,-0.0018465135783398393,-0.06012810820814187
3099.24384,wn_3099.24,-0.14719621020869136,0.3407274280517428,-0.09072645605920214,-0.0019215603225317,-0.06009762378005818
3097.31525,wn_3097.32,-0.14783790809246689,0.3397733778322503,-0.09064948037879766,-0.0016049318205557037,-0.05999876436880443
3095.38666,wn_3095.39,-0.14862511319228777,0.33866170126549433,-0.09064403351025048,-0.0014167449149391914,-0.05982610532252353
3093.45807,wn_3093.46,-0.14961246396224193,0.337216859181298,-0.09078216991326661,-4.0740838867633325e-4,-0.05954213342306667
3091.52948,wn_3091.53,-0.15058405313338374,0.33595440824578315,-0.09103326778973173,5.8414784131633e-4,-0.059511587449793193
3089.60089,wn_3089.6,-0.15145573198650714,0.33499889947007155,-0.09140948153481342,8.532237330660796e-4,-0.05953548850450381
3087.6723,wn_3087.67,-0.15224846624723112,0.3341996952224442,-0.09170701770915402,0.0010015958427261815,-0.05954281486223636
3085.74371,wn_3085.74,-0.1531243925097708,0.3334921568557189,-0.09203179391976546,0.0010459226546513816,-0.05952472075187413
3083.81512,wn_3083.82,-0.15396458003224447,0.3325687098528,-0.09252735337745804,0.001696388259476053,-0.059444637521447345
3081.88653,wn_3081.89,-0.15464391058438365,0.3321819872371874,-0.09316177813833887,0.0019399744036453375,-0.05948585974715125
3079.95794,wn_3079.96,-0.15527679540970804,0.3320396435514714,-0.0938053040010402,0.0022341378910444246,-0.059426144742554976
3078.02935,wn_3078.03,-0.15599278458960547,0.33200894906849704,-0.09437655938832504,0.0027013403806362283,-0.059252837496528904
3076.10076,wn_3076.1,-0.15670625595172696,0.3317676450248248,-0.09471641516849198,0.0029547708238594856,-0.058964782714976606
3074.17217,wn_3074.17,-0.15738259957754164,0.3311519451812709,-0.09478172076438049,0.0034927346543503456,-0.05856391826226637
3072.24358,wn_3072.24,-0.15795366536769365,0.33056536608604453,-0.0947131306208159,0.0040181647980749675,-0.05811372059912785
3070.31499,wn_3070.31,-0.15851299015162468,0.33034382472126134,-0.09482507669508683,0.004835839900230527,-0.05771730196106056
3068.3864,wn_3068.39,-0.15903975452227584,0.3303797765766934,-0.09525501664156157,0.005228451376625714,-0.05727282237471485
3066.45782,wn_3066.46,-0.15941565304815258,0.3305387755693081,-0.09581364143809588,0.00541601087957292,-0.05687748224793913
3064.52923,wn_3064.53,-0.15967323496623,0.3304896730163567,-0.09646143638385563,0.006428469585104129,-0.05645461827644414
3062.60064,wn_3062.6,-0.15970944982960464,0.3308242530382472,-0.09710281577262395,0.007166039031328677,-0.05591900348919539
3060.67205,wn_3060.67,-0.15930680671165282,0.3314237745472696,-0.09752142570782082,0.0079264573944709,-0.05560197579201195
3058.74346,wn_3058.74,-0.15866134317362043,0.3323846771213574,-0.09800794240280225,0.008227687906600055,-0.055336623939988894
3056.81487,wn_3056.81,-0.15796735684109056,0.3330118967326233,-0.09879796133149177,0.009416157585079094,-0.05491791758443845
3054.88628,wn_3054.89,-0.15713104637395078,0.33365350729875715,-0.09962077033866974,0.010848888609790346,-0.05448046232263466
3052.95769,wn_3052.96,-0.15614245783632266,0.3347686868699393,-0.10037754812993911,0.01181139857247932,-0.0540994906653372
3051.0291,wn_3051.03,-0.15528973705531793,0.33560413950093654,-0.10102881334138238,0.013482797582593032,-0.05354488963723405
3049.10051,wn_3049.1,-0.1544125489398079,0.33640556304609814,-0.10155563673112881,0.01514229113333322,-0.052938153620912934
3047.1719199999998,wn_3047.17,-0.15339934934062976,0.33723141176789806,-0.10188003668222233,0.016688610124796548,-0.05246999361988481
3045.24333,wn_3045.24,-0.15214788170738996,0.338370281930767,-0.10200285792457334,0.01765739110573744,-0.0521183030849574
3043.31474,wn_3043.31,-0.1508691057409974,0.3396572825331675,-0.10210665445145387,0.018579147694110325,-0.05192516663938298
3041.38615,wn_3041.39,-0.14953115771354156,0.34099785654929077,-0.10226498510880257,0.019471148207075656,-0.0518474778533472
3039.45756,wn_3039.46,-0.1480479004512831,0.34249848527916227,-0.1022447087045704,0.020336546577338813,-0.051947519764619914
3037.52897,wn_3037.53,-0.1464581090118327,0.34387942256980913,-0.10203078677141503,0.021774003095303016,-0.05217071956460155
3035.60038,wn_3035.6,-0.14472967726097155,0.3456066064390936,-0.10179734917330203,0.022659632413481175,-0.05248385179768493
3033.67179,wn_3033.67,-0.1428158612957636,0.3475984801592191,-0.10139927393735826,0.022955419651876533,-0.05291832140381087
3031.7432,wn_3031.74,-0.14105820658516674,0.3493935793119276,-0.101046987105916,0.023965118830172466,-0.05315202829354847
3029.81461,wn_3029.81,-0.13924077489611225,0.35122882147033607,-0.10079400493660504,0.025108371069627097,-0.05343140485017283
3027.88602,wn_3027.89,-0.13748113243181037,0.35299236891904257,-0.10038804603665198,0.026255702756877088,-0.05368024179994217
3025.95743,wn_3025.96,-0.13566178351467392,0.3548816277819749,-0.09976010665772952,0.02725130471081265,-0.05408057088868476
3024.02884,wn_3024.03,-0.134231158545075,0.3563732320239199,-0.09912488517575817,0.028910031150857173,-0.05424531239030111
3022.10025,wn_3022.1,-0.13283504646650018,0.35803472035948675,-0.09828399864300179,0.03006564448656426,-0.05446676076200203
3020.17166,wn_3020.17,-0.13148898558056932,0.3597916771145209,-0.09721648301989233,0.030595705121724714,-0.05463810103328864
3018.24307,wn_3018.24,-0.13019931410136729,0.36146263101448023,-0.0959534426529238,0.03107211950987854,-0.054766992040571894
3016.31448,wn_3016.31,-0.12900712454056532,0.3630353455057991,-0.09455786338201487,0.0312866838811217,-0.05487115115229519
3014.38589,wn_3014.39,-0.12778743326973802,0.3644819216559995,-0.09313849505874792,0.03193776794175431,-0.05497899655105919
3012.4573,wn_3012.46,-0.12659967444402664,0.3655925147343613,-0.09169879096429086,0.03354994871598884,-0.05497818856003966
3010.52871,wn_3010.53,-0.12517723174879855,0.36705654527616893,-0.09025915228936725,0.03460138442416915,-0.0550818923674796
3008.60012,wn_3008.6,-0.12378893347074194,0.368525327650494,-0.08903500660487626,0.03574264113132655,-0.054928045275622644
3006.67153,wn_3006.67,-0.12245352119305848,0.3701175665201758,-0.08787392605524798,0.036326668036859355,-0.05450533337787068
3004.74294,wn_3004.74,-0.12123212447819741,0.3717232485058361,-0.08688578515389524,0.03662315199197039,-0.05394267748782693
3002.81435,wn_3002.81,-0.12031236072759295,0.3725161985965586,-0.08611880989227196,0.03715924039762547,-0.05307952908590422
3000.88576,wn_3000.89,-0.11984022076458953,0.3724874550826298,-0.0852214883530124,0.03770715973985437,-0.051897309252889656
2998.95717,wn_2998.96,-0.11984028026599867,0.3714526763322682,-0.0841183758004771,0.038986575573052705,-0.050505157299310814
2997.02858,wn_2997.03,-0.12024788705830829,0.3700127526158786,-0.08265609749910076,0.039335957173407196,-0.048985124936180964
2995.09999,wn_2995.1,-0.12093868703993761,0.3681097245569482,-0.08043410950768479,0.03896730829983751,-0.0475082022310805
2993.1714,wn_2993.17,-0.12210258951924961,0.3654915950339668,-0.07751207569809221,0.037898060722954346,-0.04579356466828303
2991.24281,wn_2991.24,-0.12379215007467975,0.36185043157435,-0.07370248895150641,0.03718623154458019,-0.043996313705774434
2989.31422,wn_2989.31,-0.12569116926190396,0.35778380230850876,-0.06878828889272497,0.03562494286545223,-0.042291543476813395
2987.38563,wn_2987.39,-0.12802563439087306,0.35286729482541546,-0.06274421079116449,0.03456351113674205,-0.04041002407616937
2985.45704,wn_2985.46,-0.13063008756649064,0.3476885414014802,-0.05531835876587252,0.032724647594862544,-0.03838495846098796
2983.52845,wn_2983.53,-0.13367347198533108,0.34229335186884585,-0.04654055391692748,0.030643031595040955,-0.03602468982641571
2981.59986,wn_2981.6,-0.13702611455118255,0.3367246702893598,-0.03631554695428447,0.02818742264824455,-0.03327307600794753
2979.67127,wn_2979.67,-0.14075181085990449,0.33051226792284927,-0.024340183788490094,0.025816035223390207,-0.030057115519986945
2977.74268,wn_2977.74,-0.14462040646590313,0.32371439281103237,-0.010306486439093801,0.023355531696516052,-0.02658758977280407
2975.81409,wn_2975.81,-0.14843504941094418,0.3164227862350198,0.006471449779988302,0.020386914777116287,-0.022704495447824144
2973.8855,wn_2973.89,-0.15200422688530305,0.3090462354681944,0.026159238321400564,0.016460166456450424,-0.01834528701734705
2971.95691,wn_2971.96,-0.15540442988355946,0.3014736557569755,0.048641235703463806,0.012609393774054513,-0.013238264579114565
2970.02832,wn_2970.03,-0.15876920046910983,0.29377132421999086,0.0735383673626713,0.008937127396295107,-0.007311576900567314
2968.09973,wn_2968.1,-0.1615648082945671,0.28685943440089395,0.10059970345591324,0.004210986797375924,-9.829913417072642e-4
2966.17114,wn_2966.17,-0.1641112961092726,0.28024806599588314,0.12862759553674644,8.652882829984558e-5,0.005980504097528127
2964.24255,wn_2964.24,-0.16601984650640386,0.27486856744302557,0.15663162494097163,-0.004262346501693481,0.013135419618891897
2962.31396,wn_2962.31,-0.16741312123574253,0.27024617890574854,0.18286028428721357,-0.007370241549795475,0.020396971323108512
2960.38538,wn_2960.39,-0.16800663398082386,0.26699482648743317,0.20592641704322193,-0.01042108501699634,0.02722593838045691
2958.45679,wn_2958.46,-0.16788991932222053,0.265181522048581,0.22478076035826655,-0.012543300966633161,0.03324626580228694
2956.5282,wn_2956.53,-0.16681143342203203,0.26516599156334125,0.2387481277196066,-0.014117071293001701,0.03780753790838037
2954.59961,wn_2954.6,-0.1646839411182229,0.2667255443624195,0.2481371899042582,-0.015600946190523894,0.04056365966534554
2952.67102,wn_2952.67,-0.16188868983741697,0.2687007137617673,0.2539828866377315,-0.016534997381890286,0.04145655229847471
2950.74243,wn_2950.74,-0.15851935805000467,0.2709016581649112,0.25821654172125125,-0.017238951199246705,0.04052261648477766
2948.81384,wn_2948.81,-0.15500660962566146,0.2726961880491511,0.263328845664652,-0.017032949764341346,0.03839239295651688
2946.88525,wn_2946.89,-0.15138400657151233,0.2745084716912556,0.27162926805631893,-0.01842767402887655,0.03553271814587956
2944.95666,wn_2944.96,-0.14821507437049428,0.27475816359336397,0.28536830608662894,-0.019733803026998537,0.03299994629240684
2943.02807,wn_2943.03,-0.1454235126455241,0.27395547693086897,0.30659448104383696,-0.022410461953775128,0.031305146763227105
2941.09948,wn_2941.1,-0.14327052478579871,0.271683918506448,0.3367433840424719,-0.026191727581205866,0.031223594811257215
2939.17089,wn_2939.17,-0.14141154168453626,0.26843185160807337,0.37638633401972277,-0.031999299763922705,0.03312834615780924
2937.2423,wn_2937.24,-0.139869929804245,0.2637412195840579,0.4252673371438044,-0.03871730471030647,0.03751376889602753
2935.31371,wn_2935.31,-0.138037245245116,0.25817655741405077,0.4821063792447669,-0.046312481877116896,0.0441211853854548
2933.38512,wn_2933.39,-0.13557062486512872,0.2524406571775521,0.5446614118210886,-0.05531302533059371,0.05243746221087084
2931.45653,wn_2931.46,-0.13256000147106883,0.24664224590409642,0.6096563386374024,-0.0640444063540904,0.0621751463520978
2929.52794,wn_2929.53,-0.12925693076537215,0.24089363090310434,0.6729162062945027,-0.07152603602557335,0.07310954490582267
2927.59935,wn_2927.6,-0.1258822122772628,0.2355282154002068,0.7298652621230814,-0.07709483396712741,0.08479396145577726
2925.67076,wn_2925.67,-0.12276033595086054,0.2309988095670544,0.7754528965875607,-0.07956383202005718,0.09632460643623052
2923.74217,wn_2923.74,-0.11987466080814213,0.2283841913114353,0.8051282492530956,-0.0795286661042227,0.10646672003092403
2921.81358,wn_2921.81,-0.11745191299595087,0.22712346117779192,0.8157961347091629,-0.075818252279457,0.11411632686774488
2919.88499,wn_2919.88,-0.11556624894242747,0.22748182414824955,0.8066677900126602,-0.06941389032434128,0.11871009370838553
2917.9564,wn_2917.96,-0.11403272489506402,0.22933756521382234,0.7792001341161606,-0.06149435652050735,0.12007137134927637
2916.02781,wn_2916.03,-0.11277278332862019,0.23248680591088927,0.7364607459003819,-0.052289468046565785,0.1182615037559376
2914.09922,wn_2914.1,-0.11160238124986835,0.23717733721975248,0.6827775191212943,-0.043708362471737566,0.11367984763996285
2912.17063,wn_2912.17,-0.11039375978004633,0.2432234676312448,0.6230245354666996,-0.035481061404441835,0.10667703846423937
2910.24204,wn_2910.24,-0.10887477188619296,0.24996892275727725,0.5624087465512861,-0.028376314820617816,0.09807406686283451
2908.31345,wn_2908.31,-0.10713687512681559,0.25671719047257197,0.5052368297687693,-0.02150018054828055,0.08864265415646735
2906.38486,wn_2906.38,-0.1054456603300064,0.2626332935673345,0.454525993599802,-0.014433404402729676,0.07927122993520884
2904.45627,wn_2904.46,-0.10351718503198211,0.26825956567068665,0.41206963399819535,-0.00837415789311123,0.07057265049003922
2902.52768,wn_2902.53,-0.10165638439098744,0.27319247091175614,0.3781058432121597,-0.002733439644481037,0.06322696345219703
2900.59909,wn_2900.6,-0.09996700941637397,0.2780339603764596,0.3511120450618539,0.0022395722183043794,0.05742138213988768
2898.6705,wn_2898.67,-0.09858156993731784,0.2826222438591889,0.3285467718824058,0.007423655430244855,0.05277312996017905
2896.74191,wn_2896.74,-0.09738059559024506,0.2874937247615821,0.307838878459857,0.011791183213156718,0.04852754763048456
2894.81332,wn_2894.81,-0.09648664832401765,0.29196679733736397,0.2875975553725223,0.016193088998782263,0.04421664183303906
2892.88473,wn_2892.88,-0.09556511860303986,0.29653183608709355,0.26746381731241664,0.019547808809087262,0.039590624202029905
2890.95614,wn_2890.96,-0.09510643924191273,0.3000931733988819,0.24747195590428614,0.022850563699065518,0.03512135770234224
2889.02755,wn_2889.03,-0.09490864577551748,0.3029702049823245,0.22830308592274653,0.02575487648716357,0.030611317161931634
2887.09896,wn_2887.1,-0.09520794697990682,0.30518531104948166,0.21061952281809337,0.02860225282853077,0.026511016488539003
2885.17037,wn_2885.17,-0.09585599377589497,0.30716386169306814,0.19575724560125599,0.030489041890424937,0.02281300548742708
2883.24178,wn_2883.24,-0.09675399106777172,0.3083178983491563,0.18487197192587201,0.03134025016631927,0.02007495740716569
2881.31319,wn_2881.31,-0.097775860919505575,0.3083051386422161,0.17828665438973126,0.031707408221125666,0.01838028991197716
2879.3846,wn_2879.38,-0.09886376428350668,0.30730142161346313,0.17570103857648492,0.03195631810372121,0.017913099427346642
2877.45601,wn_2877.46,-0.0996787546305128,0.30598071839188223,0.1764359510351463,0.032174801926062466,0.018513320211701084
2875.52742,wn_2875.53,-0.09984652318811688,0.30490233556327234,0.17973771966822083,0.0325867353840416,0.019597437961112935
2873.59883,wn_2873.6,-0.09904555600305325,0.30477340505452566,0.18512058027433528,0.032443670161579036,0.020881360420924453
2871.67024,wn_2871.67,-0.09719543795000124,0.3055133786417857,0.1925286316757949,0.03207557918206717,0.02204722042955216
2869.74165,wn_2869.74,-0.09429018512589891,0.3069733320720933,0.20250626612626804,0.032102148630447185,0.02301160350380016
2867.81306,wn_2867.81,-0.09006790151330141,0.3093443449875072,0.2166560788438257,0.030953713074265223,0.02359015356717149
2865.88447,wn_2865.88,-0.08457302176450461,0.31238848759529114,0.23677221366340923,0.028409310813179694,0.023863986295693255
2863.95588,wn_2863.96,-0.0780998872140356,0.3155240522391446,0.2647215434842836,0.024615297657175,0.024093548467878232
2862.02729,wn_2862.03,-0.07147686481090541,0.31798156535849204,0.30096817779951396,0.021536784451242307,0.025322345958920144
2860.0987,wn_2860.1,-0.06512845447767483,0.31983490800982445,0.34364576658230767,0.01834672405146091,0.028421106902665135
2858.17011,wn_2858.17,-0.05959693773504331,0.32018541826245206,0.3878024655695993,0.015830258963974646,0.03369158266357168
2856.24152,wn_2856.24,-0.05507372285110386,0.3195992260364417,0.42665913346504764,0.01410626504221727,0.04009388926674283
2854.31293,wn_2854.31,-0.05197996019750781,0.31817105685593733,0.4537317013153005,0.014901074735028079,0.04663154978092249
2852.38435,wn_2852.38,-0.05011514384700918,0.3168625474217455,0.4646702785228415,0.017881182669833066,0.051952373548049983
2850.45576,wn_2850.46,-0.04942227759649695,0.31649191859046555,0.4570964518447792,0.022821059444682535,0.055255960080228796
2848.52717,wn_2848.53,-0.049703234084531846,0.31759119828594345,0.4308146014158961,0.02933974366343435,0.055881481463398226
2846.59858,wn_2846.6,-0.05039312793114609,0.32107598853203884,0.38797902452610167,0.03539033619428625,0.053376658099645265
2844.66999,wn_2844.67,-0.0512950290755247,0.32678836480196705,0.3324828386598274,0.04090268765364447,0.04779390855765007
2842.7414,wn_2842.74,-0.052048899694367406,0.33422079586711273,0.2695957852638856,0.04638244730417783,0.03956157665173377
2840.81281,wn_2840.81,-0.05258280515514316,0.342105076781952,0.20588250622850401,0.052148055890663826,0.029439965033551847
2838.88422,wn_2838.88,-0.052921190879177515,0.3496022931079916,0.1475790003447168,0.05835824344799618,0.018492341706369438
2836.95563,wn_2836.96,-0.052853185722355464,0.35655928543573484,0.09953237108573415,0.06398722316328383,0.007897819680710063
2835.02704,wn_2835.03,-0.052574431653910236,0.3626129677708207,0.06394141566091592,0.0690488271970686,-9.135927988835264e-4
2833.09845,wn_2833.1,-0.052060834181412545,0.36773640954425546,0.0394592188825352,0.07266180086060074,-0.007414786810483253
2831.16986,wn_2831.17,-0.05147287359736265,0.37167400956616153,0.022690705556293045,0.07559534498472138,-0.01188933516291769
2829.24127,wn_2829.24,-0.05086129242455914,0.3746696113255714,0.010365616428877528,0.07884237541960284,-0.01507644977006497
2827.31268,wn_2827.31,-0.05003421547181668,0.37730681514460357,6.713198253696944e-4,0.08165080279557277,-0.017669795599372536
2825.38409,wn_2825.38,-0.049082417369492475,0.37950117691989826,-0.007321647457829875,0.08403298456704941,-0.019819452832722295
2823.4555,wn_2823.46,-0.047986397545927234,0.3814692116810447,-0.014139952326934869,0.08568034237594058,-0.021656393450242443
2821.52691,wn_2821.53,-0.04692461094624018,0.3832384933925185,-0.02018350086014994,0.08688216093396091,-0.02312439560969337
2819.59832,wn_2819.6,-0.045894444380273305,0.38483519899058277,-0.025720932412920453,0.08768496311648744,-0.024359699393543613
2817.66973,wn_2817.67,-0.04490089705719042,0.38647428650256765,-0.030863374569819933,0.08834421516168726,-0.025428678468988913
2815.74114,wn_2815.74,-0.04408991931244804,0.3878430156833234,-0.03581527106377335,0.08973136903558077,-0.02618118682721702
2813.81255,wn_2813.81,-0.04321741931167467,0.38891507927649527,-0.04029766327394695,0.09086462431623855,-0.02696961402315489
2811.88396,wn_2811.88,-0.04232144435487007,0.3899744659246553,-0.04429950306174574,0.0920345601737096,-0.027673041040963433
2809.95537,wn_2809.96,-0.041457341209405786,0.39099957801423035,-0.04794973322120672,0.09319167479426502,-0.028178985745631605
2808.02678,wn_2808.03,-0.040540862163056204,0.39241415012713265,-0.051130703890048694,0.09380114276086207,-0.028718441452012165
2806.09819,wn_2806.1,-0.03974250599702098,0.3933300910672329,-0.05429395293100169,0.09487200234574866,-0.029172358241096114
2804.1696,wn_2804.17,-0.03872750078212146,0.39496216518000316,-0.05697083763232059,0.09468909411644488,-0.029732906526374867
2802.24101,wn_2802.24,-0.0378072692920274,0.3959350786375815,-0.05939708706353404,0.09564564149671456,-0.03014389964632075
2800.31242,wn_2800.31,-0.03680096308786566,0.3973399455765528,-0.06160009905354384,0.09608389680123006,-0.030617533830160342
1799.3743,wn_1799.37,0.10473776748669572,0.31206924063547165,-0.18625555791895027,0.16992648365102772,0.07707984000353063
1797.44571,wn_1797.45,0.10296392375774058,0.3102033542860652,-0.18727746891527855,0.16906510444196346,0.07874602454438759
1795.51712,wn_1795.52,0.10082869218390236,0.30876801262065096,-0.18829048721124497,0.1689654714083263,0.0805710639630534
1793.58853,wn_1793.59,0.09994595556232484,0.3080536090099832,-0.18853086626302884,0.16808111820309762,0.08124485728388418
1791.65994,wn_1791.66,0.10088714999783126,0.30766669471052693,-0.1877879282529715,0.16764299309581063,0.08035728090113976
1789.73135,wn_1789.73,0.10405766252661046,0.3082247070769594,-0.18569237649810183,0.16743587008263208,0.07744335081947164
1787.80276,wn_1787.8,0.10889325699081634,0.30977836629430017,-0.1826648808614463,0.16779196375040864,0.07298455687513089
1785.87417,wn_1785.87,0.11294950613674314,0.3111538097939981,-0.17994178487859305,0.16749419737811086,0.0693499097623476
1783.94558,wn_1783.95,0.11458242022007441,0.3113155823768516,-0.1785726804014557,0.16673413625471611,0.06779950926799228
1782.01699,wn_1782.02,0.1139616965408275,0.310039158143419,-0.17833607295883866,0.16596375710544056,0.06823882827513686
1780.0884,wn_1780.09,0.1112715628522658,0.3077319693549513,-0.17910683834032068,0.16482833297844673,0.07054877949912171
1778.15981,wn_1778.16,0.10653862475747718,0.3041697794998782,-0.1810123934360092,0.1629626186467069,0.07480253496495558
1776.23123,wn_1776.23,0.10146670278306576,0.30073169246341686,-0.18278121978378759,0.16067735033187872,0.07942511462664287
1774.30264,wn_1774.3,0.09716998157043834,0.2980478385666049,-0.1835308580249364,0.15969727972163933,0.08321392995268802
1772.37405,wn_1772.37,0.09444647448214398,0.29611993234229067,-0.1829708783354201,0.1591256628288889,0.08560414307824621
1770.44546,wn_1770.45,0.09335568561795489,0.29441240558640147,-0.1813269185325066,0.15811609274326432,0.08671617207424737
1768.51687,wn_1768.52,0.09429816263743132,0.29309056307075926,-0.17832594979408498,0.15645510969764873,0.08609362086207048
1766.58828,wn_1766.59,0.0973892159026609,0.2926875668234073,-0.17346589570981458,0.15565573629189927,0.08318407724160522
1764.65969,wn_1764.66,0.10175098164050196,0.2940356408755131,-0.1667365250311999,0.15526803261849662,0.07851306052834434
1762.7311,wn_1762.73,0.10527960660062685,0.29538613587317364,-0.1589596587210718,0.15498740794200486,0.07377213159653032
1760.80251,wn_1760.8,0.10634692467503137,0.29552654095111797,-0.1508182468187412,0.1539460667731855,0.07055368040579668
1758.87392,wn_1758.87,0.10362074509474069,0.29381071117046453,-0.1428592473527482,0.15192035199893508,0.06991580670851266
1756.94533,wn_1756.95,0.09821979520387612,0.29115439669864346,-0.13421515648489915,0.148327479574445,0.07082196090612539
1755.01674,wn_1755.02,0.09322760106773871,0.28798961259580536,-0.12338910861146375,0.14332863925433229,0.07107562467291671
1753.08815,wn_1753.09,0.08969443661678789,0.28483339055344803,-0.10983177744529649,0.13793243630682295,0.0698591510243801
1751.15956,wn_1751.16,0.08827368313522237,0.28231974896945417,-0.09357051520359379,0.1324225026536566,0.06686843923733371
1749.23097,wn_1749.23,0.09049019883898597,0.28118329147423776,-0.07450229183898986,0.12723776765233857,0.06109736228222758
1747.30238,wn_1747.3,0.09289605936959248,0.2790980096857295,-0.05584681983136282,0.12139461460988003,0.056088328859213187
1745.37379,wn_1745.37,0.09070007309712029,0.273222603083336,-0.04173688801906036,0.11520592508106317,0.056131140465067356
1743.4452000000001,wn_1743.45,0.084539211887572,0.2647935598190683,-0.032726311982546996,0.11018991048977217,0.060353391585142184
1741.51661,wn_1741.52,0.07784347001130365,0.25663097823057496,-0.02759357355175689,0.10737001746809721,0.06534956414251893
1739.58802,wn_1739.59,0.0735306895006376,0.24947517133427174,-0.02542314067130513,0.10702813643262574,0.06850732088846623
1737.65943,wn_1737.66,0.0722811052802841,0.242393980408131,-0.026135240491018313,0.1078680045635574,0.0692310326604698
1735.73084,wn_1735.73,0.07233118232611813,0.23534020561315447,-0.030194084530858888,0.1077081465493655,0.06866581611828343
1733.80225,wn_1733.8,0.0740638284749722,0.22993126742598877,-0.03627760736761076,0.10830844551384118,0.06588193917106241
1731.87366,wn_1731.87,0.07763990373937187,0.22649888972821125,-0.0429202558261878,0.11139048300411272,0.060258369410463
1729.94507,wn_1729.95,0.07989272808471948,0.22329900610161743,-0.05067041746321097,0.11583789268908326,0.054409050363904546
1728.01648,wn_1728.02,0.0789406912584767,0.21831549894640123,-0.059860132335051205,0.118898265844525,0.05045673518287843
1726.08789,wn_1726.09,0.07560151223457108,0.2120425896107355,-0.06903857881265432,0.11963335929492623,0.04778220946072104
1724.1593,wn_1724.16,0.07172081375084631,0.2056899000166492,-0.07639760336057816,0.12102161707217754,0.044713460533011125
1722.23071,wn_1722.23,0.06950366709435506,0.20003684909587843,-0.08061198624916115,0.12275111529826101,0.03960750227116625
1720.30212,wn_1720.3,0.06639768811863334,0.19302789491009414,-0.08351343715141067,0.1225499397442055,0.03521679772730901
1718.37353,wn_1718.37,0.05966882106645364,0.18292069004660494,-0.0871019188063206,0.11934263135337425,0.033939969443380194
1716.44494,wn_1716.44,0.0526827291359663,0.17136119592297805,-0.08989040627734993,0.11653003673480943,0.0328086919993344
1714.51635,wn_1714.52,0.04674369405926225,0.15994064606509098,-0.09105516625803056,0.115569202372373,0.0302712654598188
1712.58776,wn_1712.59,0.03776087723313716,0.14659077135521703,-0.09334882972322876,0.11407697648235446,0.029923468446382603
1710.65917,wn_1710.66,0.02423376804157554,0.1290643464317637,-0.09780686696750335,0.11220831526971432,0.03291495804646239
1708.73058,wn_1708.73,0.00739458225375051,0.10851061591441724,-0.10351352713186815,0.10929680755254045,0.037679924220332936
1706.80199,wn_1706.8,-0.012921424783841133,0.0852791099927357,-0.11025758989642627,0.10514472798493636,0.04402256927195823
1704.8734,wn_1704.87,-0.03667567026351673,0.0581574781915594,-0.11757587980205267,0.1005748047811221,0.0515846511476994
1702.94481,wn_1702.94,-0.06427473134742089,0.02646935153118548,-0.12571823892128783,0.09558018553876331,0.06085684544422441
1701.01622,wn_1701.02,-0.09447371613014405,-0.008736431706171959,-0.13387975302853475,0.09163148743362066,0.07107032470513804
1699.08763,wn_1699.09,-0.12334220247916844,-0.044804105771814026,-0.14011231548671169,0.08933586440285472,0.07947342796509722
1697.15904,wn_1697.16,-0.14936815275196236,-0.0824094787832187,-0.144606897374578,0.08904588321890099,0.08601238013083808
1695.23045,wn_1695.23,-0.17329467161028464,-0.12254762234814011,-0.1487054032110234,0.08707862186946731,0.09256344124503679
1693.30186,wn_1693.3,-0.19473927685048487,-0.16401955254778383,-0.15212957627947268,0.08347101126956702,0.09897463072098928
1691.37327,wn_1691.37,-0.21246113926982096,-0.20446860992568638,-0.15338358974705082,0.0790902099000243,0.10305497980563068
1689.44468,wn_1689.44,-0.22850598392474417,-0.24302497806239506,-0.15248919051588986,0.0757265356012798,0.1051865194232567
1687.51609,wn_1687.52,-0.24996573740798134,-0.28150506097587985,-0.15218132380678215,0.07186210183392709,0.1098915060940021
1685.5875,wn_1685.59,-0.2821609565823696,-0.3221555700955387,-0.1547332737530705,0.0665087906255957,0.12082056948470107
1683.65891,wn_1683.66,-0.3233094036054848,-0.36432980559132566,-0.15880751095022583,0.06134436792205448,0.13528879484352885
1681.73032,wn_1681.73,-0.3720857250119681,-0.40679207996544664,-0.16325185385127094,0.05579397707945917,0.1516217624507407
1679.80173,wn_1679.8,-0.428152934837062,-0.4488760418312946,-0.16765668143110338,0.050530985641885996,0.1692861253682227
1677.87314,wn_1677.87,-0.48559319047976895,-0.48762067074741666,-0.16875150703610325,0.04676117380375972,0.18311264660935825
1675.94455,wn_1675.94,-0.53949941067607,-0.5236831215998403,-0.16510919296483567,0.04342477706165333,0.19046279494587862
1674.01596,wn_1674.02,-0.5892678046931432,-0.5590433769446489,-0.15796593359337352,0.037720821813790884,0.1926137469788459
1672.08737,wn_1672.09,-0.6360867703811346,-0.5952464016477949,-0.14878368320513183,0.03166372988024233,0.19198380115777386
1670.15878,wn_1670.16,-0.679689840775383,-0.6321461892956056,-0.13826015431578104,0.025855970489568898,0.18962344796346406
1668.2302,wn_1668.23,-0.7184972537721328,-0.6692955522389166,-0.12600343611745146,0.020883968168035193,0.18512316920173214
1666.30161,wn_1666.3,-0.7534188137342005,-0.7068365950525315,-0.11305229615819437,0.01609778591470014,0.17959193741878068
1664.37302,wn_1664.37,-0.7871489378285894,-0.7454777540425975,-0.10099660877705961,0.009632972430231939,0.17514670023632017
1662.44443,wn_1662.44,-0.8190703936787334,-0.7841227476686338,-0.08975332114043989,0.0029579446062753608,0.17123876437433763
1660.51584,wn_1660.52,-0.8470718995601373,-0.8204665001546828,-0.07861521969146507,-0.004786544145171403,0.1663930253009173
1658.58725,wn_1658.59,-0.8710407379980433,-0.8538855644545814,-0.06824569112872012,-0.01420772210262591,0.1610044044110879
1656.65866,wn_1656.66,-0.8901897504392089,-0.8825552952814655,-0.059001333043683005,-0.02658409386884446,0.15480040285158853
1654.73007,wn_1654.73,-0.9031599647933163,-0.9048783126502176,-0.05008990671075039,-0.04040980680007615,0.14672762094701394
1652.80148,wn_1652.8,-0.9065836614707585,-0.9185524055269917,-0.039590435384613286,-0.05331873859643206,0.1337969744182333
1650.87289,wn_1650.87,-0.8980628319928984,-0.9225320316238415,-0.026124846853683513,-0.0629238607505457,0.11383501705578494
1648.9443,wn_1648.94,-0.8819905656162256,-0.9192827074065939,-0.012099463507966526,-0.07065407906767983,0.09078621771935279
1647.01571,wn_1647.02,-0.8630980080297962,-0.9121342815120587,-9.829899387129725e-6,-0.07689281562627039,0.06892824999109828
1645.08712,wn_1645.09,-0.8382187539193644,-0.9001345813722209,0.012417201157571124,-0.08036705969765832,0.0453466465061005
1643.15853,wn_1643.16,-0.8038361714430091,-0.8806495592123902,0.027531623332613258,-0.07978455904502679,0.017136948487608186
1641.22994,wn_1641.23,-0.7638153268695231,-0.8549054064688163,0.042958698931181365,-0.07605765186838538,-0.012008604162044616
1639.30135,wn_1639.3,-0.7235559946653873,-0.8270705352242819,0.05436374223684472,-0.07216917218157727,-0.03583162646417468
1637.37276,wn_1637.37,-0.6814404045250327,-0.7975216163699266,0.06117609172623021,-0.07028669532207214,-0.05370978718595078
1635.44417,wn_1635.44,-0.6331685772442042,-0.7647274327094318,0.06427665944005313,-0.06743478974372431,-0.06743960437549604
1633.51558,wn_1633.52,-0.5776687734783619,-0.7291618711614654,0.06309715570015666,-0.061460571778806886,-0.07611683473923349
1631.58699,wn_1631.59,-0.5143431009459045,-0.6918502923228785,0.057313915313126906,-0.05529799796692413,-0.07979045159713535
1629.6584,wn_1629.66,-0.44271627297342386,-0.6533430486465094,0.04815770159560385,-0.05059826691054321,-0.08080330449782883
1627.72981,wn_1627.73,-0.36691185871475746,-0.613948910279204,0.03712589915392152,-0.04639511216702935,-0.08054457411836285
1625.80122,wn_1625.8,-0.2941466401024353,-0.5737616022136889,0.024866497573115695,-0.04005934663152515,-0.07884890432998609
1623.87263,wn_1623.87,-0.23034917850520417,-0.5337274770198794,0.012038776616929824,-0.032053763023696225,-0.07576403716337156
1621.94404,wn_1621.94,-0.1816727248398848,-0.49691558800175345,-0.0016150215644521496,-0.02424799538539201,-0.0698656526588945
1620.01545,wn_1620.02,-0.15155495574463496,-0.46352789850279585,-0.01577341945006568,-0.017525181474552745,-0.06090635786519662
1618.08686,wn_1618.09,-0.1379049501119152,-0.4318712868566711,-0.027812882501759385,-0.009598303505028225,-0.0523130009230118
1616.15827,wn_1616.16,-0.13716781381270104,-0.4003840769867396,-0.035831475903235994,-9.021860999179235e-4,-0.04687221226150544
1614.22968,wn_1614.23,-0.14803457899381936,-0.3705676889485536,-0.04067120459086996,0.007952641178698804,-0.04390718409676256
1612.30109,wn_1612.3,-0.167084636172565,-0.34337415172599556,-0.043077654661154915,0.015380596073758046,-0.04254588840560499
1610.3725,wn_1610.37,-0.19016541628715092,-0.3188401841314071,-0.044088069103843885,0.02089270491625156,-0.0420477614191996
1608.44391,wn_1608.44,-0.2143608191475726,-0.2974486207932822,-0.04536725046518477,0.02532420321291461,-0.040482311135297516
1606.51532,wn_1606.52,-0.2358003943416679,-0.279440112013038,-0.04761916022672619,0.030845189546448593,-0.03752268586298109
1604.58673,wn_1604.59,-0.25140661120735047,-0.2644672075708325,-0.05060121140626504,0.036266487107284875,-0.03403787785924123
1602.65814,wn_1602.66,-0.2629602316704782,-0.2534245224315556,-0.055466507428611304,0.04090305050720851,-0.02879839357465821
1600.72955,wn_1600.73,-0.2723767811950372,-0.24598997995423696,-0.061910283324196465,0.043976110592150404,-0.02191547010188719
1598.80096,wn_1598.8,-0.2786022405129267,-0.24094327065322171,-0.06827666101953993,0.046577993900591634,-0.0158447274770393
1596.87237,wn_1596.87,-0.2817737135606591,-0.23737117543352496,-0.07379863977352938,0.04799514086125759,-0.011401552132760066
1594.94378,wn_1594.94,-0.2839335225144797,-0.2354751861172282,-0.07899998396100945,0.04851193837686082,-0.0076510302533990245
1593.01519,wn_1593.02,-0.2850241000844739,-0.23518521365631392,-0.08350553288885552,0.048733887087155335,-0.005004249124678605
1591.0866,wn_1591.09,-0.2839501037929594,-0.23579297715981754,-0.08652484845391484,0.047961807256745335,-0.0044351350326421
1589.15801,wn_1589.16,-0.2832169855138782,-0.23814090366492335,-0.08907698043138518,0.046115379540770315,-0.004168710004873542
1587.22942,wn_1587.23,-0.28520431733975476,-0.24285563097006396,-0.09234398040122697,0.04321466593269325,-0.002366976947514056
1585.30083,wn_1585.3,-0.28847618383834733,-0.2491092585172989,-0.09515753038624351,0.04069993971249035,-6.277381151329698e-4
1583.37224,wn_1583.37,-0.29259472357344884,-0.2559626847683874,-0.09699154765246054,0.03965907156109011,3.344435696302771e-4
1581.44365,wn_1581.44,-0.29814056545888107,-0.264949520829618,-0.09858744396843573,0.037532293547327865,0.0015153503080148623
1579.51506,wn_1579.52,-0.3038171794444672,-0.2766026062435172,-0.09963631090625766,0.033327515800389056,0.0018854801730479325
1577.58647,wn_1577.59,-0.3077005837579037,-0.28906213928511715,-0.09893523988554102,0.02717210622270431,-2.221040849864303e-4
1575.65788,wn_1575.66,-0.3087556443746693,-0.30098181969316734,-0.0955300238617187,0.02157500361613777,-0.0058554369799223545
1573.72929,wn_1573.73,-0.3076519869869631,-0.3125431117636511,-0.08968840970451884,0.017518549469705734,-0.014598187402729
1571.8007,wn_1571.8,-0.3092377005524706,-0.3263619324834592,-0.08434255796386735,0.012736111690803888,-0.022125995781983154
1569.87211,wn_1569.87,-0.3184518876488061,-0.34503939397415495,-0.08230440446019512,0.0059383247281408705,-0.02409961948718143
1567.94352,wn_1567.94,-0.33408376782840243,-0.3678120460825885,-0.08244483502512308,-0.001322781753086667,-0.021929104447490976
1566.01493,wn_1566.01,-0.35206816141933095,-0.3926409999237742,-0.08171691177222501,-0.007308163437039056,-0.019468712648002363
1564.08634,wn_1564.09,-0.3700629268386052,-0.41834617873753416,-0.07893379553562001,-0.01283607511602522,-0.018700780063178445
1562.15775,wn_1562.16,-0.3879545903784583,-0.4455190211121696,-0.07422744922871412,-0.019170312337232025,-0.01968436686766973
1560.22917,wn_1560.23,-0.4043069348843016,-0.4737937707248505,-0.06676304162578492,-0.025415681283942185,-0.02345969983741601
1558.30058,wn_1558.3,-0.41772975459157413,-0.5014207144696423,-0.055688292830567435,-0.02855231535217006,-0.03138156952552809
1556.37199,wn_1556.37,-0.4302572692757508,-0.5286945974020165,-0.04260105461084998,-0.028415977644365768,-0.040890463277976546
1554.4434,wn_1554.44,-0.444981075325004,-0.557650894742102,-0.030465433843651007,-0.027321495218481446,-0.048133415107756324
1552.51481,wn_1552.51,-0.46209066208767735,-0.5874353126011894,-0.020539717130512038,-0.027465608129916514,-0.05231770361309703
1550.58622,wn_1550.59,-0.47960834667775637,-0.6157555833468784,-0.012208773435310676,-0.02689742932429697,-0.0544647515306257
1548.65763,wn_1548.66,-0.49351156828683834,-0.6387574974768369,-0.0036516752936743067,-0.02496822475568296,-0.05762186925964804
1546.72904,wn_1546.73,-0.5046695212381209,-0.6566088206220967,0.0037960262278685353,-0.02243113740096991,-0.060448897949357
1544.80045,wn_1544.8,-0.5184073817764098,-0.6728866606876048,0.0062522566317578365,-0.021846630576784713,-0.05753688966698267
1542.87186,wn_1542.87,-0.5331951641239419,-0.6865692904866709,0.004363881424936521,-0.023803752050419368,-0.05003883030634085
1540.94327,wn_1540.94,-0.5426601198200041,-0.6944817137135554,0.0021735030661848786,-0.024885194042915088,-0.04392498721588113
1539.01468,wn_1539.01,-0.544702920723419,-0.6958173420661852,0.0014187866038783193,-0.023122569449181552,-0.04144580842408625
1537.08609,wn_1537.09,-0.539104100789813,-0.690610387721899,0.0022052567696546777,-0.02010810320603133,-0.043127019038772335
1535.1575,wn_1535.16,-0.5268398244151656,-0.6801890440641662,0.004281158777636663,-0.017327803114836216,-0.048321159906482856
1533.22891,wn_1533.23,-0.5124425541515675,-0.6673971009592384,0.005788756757932217,-0.0156155133836687,-0.05344875532338885
1531.30032,wn_1531.3,-0.5005797498140611,-0.6546111322154552,0.004917055812393544,-0.012436547402871532,-0.055506076541724354
1529.37173,wn_1529.37,-0.49203593586581,-0.6423819393648549,0.0019772009285086113,-0.010277429808040328,-0.054253051102849593
1527.44314,wn_1527.44,-0.4869548420925998,-0.6325444961745605,-0.003014493949661166,-0.010499257725136817,-0.049961851025217004
1525.51455,wn_1525.51,-0.4840866289484721,-0.624602884176868,-0.00913151084746061,-0.012848856580860693,-0.04395467248343672
1523.5859599999999,wn_1523.59,-0.47990277523441244,-0.6155575934807316,-0.013748493257469631,-0.013770806127382268,-0.039238236134387414
1521.65737,wn_1521.66,-0.47169415608068854,-0.6039098028756514,-0.01575786649185689,-0.009426233954948328,-0.03787210787494587
1519.72878,wn_1519.73,-0.4619931752731827,-0.591480343456066,-0.017373036748124366,-0.002588109885182744,-0.036587748477833436
1517.80019,wn_1517.8,-0.45251386356134715,-0.5794095655669979,-0.020492383780875322,0.0020259434098325976,-0.033028960049903286
1515.8716,wn_1515.87,-0.4388904741966458,-0.5638640907156823,-0.02264869944875718,0.005231880506213415,-0.03122254237753355
1513.94301,wn_1513.94,-0.41764884494173227,-0.5404848836758315,-0.02140070119346567,0.00872698726115772,-0.03431230887098515
1512.01442,wn_1512.01,-0.3909293445604283,-0.5099800042553364,-0.017928896440003114,0.013297520919508058,-0.040403611798039134
1510.08583,wn_1510.09,-0.3616224173155663,-0.47632348760742477,-0.014291035015676396,0.018444902018010433,-0.04691503537911736
1508.15724,wn_1508.16,-0.3335547682455132,-0.4431283065744787,-0.012721857040955962,0.02320845673957647,-0.05061431379976812
1506.22865,wn_1506.23,-0.308852042419536,-0.41182003326600736,-0.01368476042260621,0.028805697221930146,-0.05048653000079876
1504.30006,wn_1504.3,-0.28570222920156035,-0.38121053650734965,-0.015318640297513467,0.0370257496240623,-0.04920261999481722
1502.37147,wn_1502.37,-0.26333665274376616,-0.35034189337133365,-0.016590640373347988,0.045334071792594625,-0.047927918385644835
1500.44288,wn_1500.44,-0.24330476736147646,-0.3211600490440524,-0.018349192700802246,0.053480573369469715,-0.045570099306819344
1498.51429,wn_1498.51,-0.2238097847982232,-0.29330101284890775,-0.01977805221353318,0.06101225043148404,-0.04337141635529614
1496.5857,wn_1496.59,-0.20236216988471228,-0.2654139893435052,-0.019669327370886308,0.06643883740094321,-0.04312183919235889
1494.65711,wn_1494.66,-0.1808554828413449,-0.23863954810004182,-0.01946079146415062,0.07049442168941657,-0.043239504430653386
1492.72852,wn_1492.73,-0.16246563859115817,-0.21428669552599577,-0.02082432921961416,0.07184840043007164,-0.04096234886586959
1490.79993,wn_1490.8,-0.1470890860197223,-0.19203375244750537,-0.02346800664206595,0.07209266074977391,-0.03690151048696698
1488.87134,wn_1488.87,-0.13174596269477015,-0.17019705303854984,-0.025244960386790853,0.0747528176755675,-0.03435344248702936
1486.94275,wn_1486.94,-0.11595907945477986,-0.14851618136978362,-0.025388748819842998,0.07750433785570573,-0.0335021059483629
1485.01416,wn_1485.01,-0.1044211495146348,-0.131559697165348,-0.025802889967420736,0.07831038703909285,-0.03013890590109315
1483.08557,wn_1483.09,-0.09966895856183695,-0.12165019808359107,-0.026509734768702133,0.07566551027021559,-0.022472038078967378
1481.15698,wn_1481.16,-0.09879100243541002,-0.11709381402044015,-0.023672752409216728,0.071639784024386,-0.013898123214544339
1479.22839,wn_1479.23,-0.09752464877791506,-0.11521147021743237,-0.013356803651224373,0.06717754163787594,-0.008371242904327699
1477.2998,wn_1477.3,-0.09670424232104502,-0.11697027850957398,0.0038729361182575444,0.06143424591748673,-0.004458029691201503
1475.37121,wn_1475.37,-0.098698188512383,-0.12381403720293759,0.025506686189191562,0.054546269431340944,9.769539018833389e-4
1473.44262,wn_1473.44,-0.1015514258264361,-0.13360672572620932,0.050733894807842156,0.04781637473827007,0.006635097867247133
1471.51403,wn_1471.51,-0.10321773256378808,-0.1430751849885925,0.07842337793155124,0.041383131228306586,0.010675426231340397
1469.58544,wn_1469.59,-0.10735541805381238,-0.15405104163527034,0.10414722597496408,0.0354673820346019,0.015963525608702386
1467.65685,wn_1467.66,-0.1156385403463263,-0.1667463540804276,0.12487950042485114,0.027260194169614636,0.023853693088225505
1465.72826,wn_1465.73,-0.12437823178345657,-0.17911368993839577,0.14098816615104487,0.017828762883481366,0.031219110613900942
1463.79967,wn_1463.8,-0.13060738018850723,-0.1890386105779513,0.15251306897207792,0.010292504277606798,0.03526925150364997
1461.87108,wn_1461.87,-0.13646584322996397,-0.1965178786090421,0.15738086732895584,0.0064779970988875606,0.03782173560854997
1459.94249,wn_1459.94,-0.1447044527337916,-0.20360703573639652,0.1539532326570805,0.0060583887626903055,0.04177498966210628
1458.0139,wn_1458.01,-0.15444150052354222,-0.21090052665658218,0.14347285008825267,0.006128889543720075,0.046791117947468416
1456.08531,wn_1456.09,-0.16215770623420514,-0.21700975214837148,0.12986104812411048,0.007678573095808507,0.04973466725179151
1454.15672,wn_1454.16,-0.1642275933860912,-0.21911873597605547,0.11771417028065242,0.01115240939958281,0.04724535432936409
1452.22814,wn_1452.23,-0.15955831188242575,-0.21633915774525475,0.10884402093579479,0.014453816154768036,0.038899875470850095
1450.29955,wn_1450.3,-0.15147865346370423,-0.211193795472248,0.10199057956592704,0.01642397151462764,0.028618744641700868
1448.37096,wn_1448.37,-0.14339453548351686,-0.20579757011938565,0.09520900691928164,0.017898810152196517,0.020052587775909788
1446.44237,wn_1446.44,-0.13597121054518482,-0.19944922994359604,0.0880741119373534,0.020130115934196908,0.013646716380570885
1444.51378,wn_1444.51,-0.1314094001674744,-0.1926957587834171,0.079324060217148315,0.02403047638371171,0.010830642174203804
1442.58519,wn_1442.59,-0.1331293739086045,-0.18831914267593985,0.06692711197122812,0.02762207559617109,0.014478709256883746
1440.6566,wn_1440.66,-0.1376742791847704,-0.1850308547215435,0.05271083358970119,0.028198346559737318,0.021558487606033648
1438.72801,wn_1438.73,-0.13969521121129042,-0.18038727323134612,0.0398271357037685,0.028181251937840643,0.027137847012272377
1436.79942,wn_1436.8,-0.1382919581752413,-0.17254730068266325,0.028833936444172627,0.027562977547624573,0.029728367919981485
1434.87083,wn_1434.87,-0.13494480932442415,-0.16424337437282244,0.018899845474807452,0.027350077252749423,0.030480013518678274
1432.94224,wn_1432.94,-0.13084906429943632,-0.15706565454306662,0.009498461099904917,0.02512952504885299,0.030097104827617002
1431.01365,wn_1431.01,-0.12948314843977077,-0.15250511664774385,-7.028402566246068e-4,0.02041939590986046,0.031095538270195826
1429.08506,wn_1429.09,-0.13253674594445738,-0.15123181195634458,-0.011589235961360668,0.01699543935155448,0.0341466119775473
1427.15647,wn_1427.16,-0.1371578296455787,-0.15143189557473952,-0.020992316660829485,0.015035192133478599,0.03621341606448012
1425.22788,wn_1425.23,-0.14153664869265883,-0.15266193282647736,-0.02792286347819131,0.01345923139610728,0.035614003729317
1423.29929,wn_1423.3,-0.1481544296485525,-0.15684087927807197,-0.03377996456695933,0.012220853678963094,0.03473126362843401
1421.3707,wn_1421.37,-0.1580986832114108,-0.1636141285692911,-0.039567218570648315,0.009794390178746174,0.03469646954085477
1419.44211,wn_1419.44,-0.16879313974833307,-0.17194449404093787,-0.04403062537368718,0.008908858230048151,0.03353032845588463
1417.51352,wn_1417.51,-0.17806886818248505,-0.1803817648524016,-0.04643221115196077,0.009554225393281787,0.029701569076825828
1415.58493,wn_1415.58,-0.18595069200078382,-0.18945203633718533,-0.047206302467662435,0.011157993957336977,0.023842773575804443
1413.65634,wn_1413.66,-0.1909181241157471,-0.19818139938376,-0.04592008871777226,0.011958913614317739,0.014912080916825343
1411.72775,wn_1411.73,-0.19301437304418637,-0.2063848938344375,-0.04234184562007513,0.013298833054480343,0.0032401808096881716
1409.79916,wn_1409.8,-0.19421099341110387,-0.21452527308826724,-0.037627288338437655,0.016667142482034703,-0.00922737686320363
1407.87057,wn_1407.87,-0.19590412530321136,-0.22275885595960723,-0.0326341113593161,0.020193514053384296,-0.020591907774855894
1405.94198,wn_1405.94,-0.2000823843527423,-0.23170722027050222,-0.028605871784069085,0.02230745977725947,-0.028589501224815756
1404.01339,wn_1404.01,-0.20720772222395675,-0.24180814303913123,-0.025993771517576942,0.024680738971918668,-0.03215412932080812
1402.0848,wn_1402.08,-0.21324916407329342,-0.2494612736176684,-0.022626725667603785,0.027628802511243045,-0.0348222342828561
1400.15621,wn_1400.16,-0.21618204177387834,-0.2537329686903825,-0.01741805748009174,0.031393048802000306,-0.03813504507679858
1398.22762,wn_1398.23,-0.216220299675298,-0.2547634712954521,-0.010721666521054083,0.03458072013371101,-0.041576484469838686
1396.29903,wn_1396.3,-0.21253845089990345,-0.25329283199020824,-0.002328304791666361,0.037515462428418016,-0.04558264580754642
1394.37044,wn_1394.37,-0.203603536619916,-0.2486287223092214,0.008631389105984825,0.03923059930646894,-0.05113219312099931
1392.44185,wn_1392.44,-0.1911042639639653,-0.2415156364556392,0.021444168929661996,0.0410495887050775,-0.05672863017083395
1390.51326,wn_1390.51,-0.17742004216469248,-0.23280790343571095,0.03540854670891112,0.04382233756840541,-0.060438738575817316
1388.58467,wn_1388.58,-0.1629287669228467,-0.22249043068688992,0.05076085379250775,0.04655209737373001,-0.062100405116777085
1386.65608,wn_1386.66,-0.1487293625150746,-0.2111792654383995,0.06653555384293844,0.04936624782634869,-0.06143322012245373
1384.72749,wn_1384.73,-0.13604826745869913,-0.19991887717477452,0.08087153569598295,0.05232733124937321,-0.05791514482581463
1382.7989,wn_1382.8,-0.12475159347632862,-0.18890474948586944,0.09253181700727316,0.054650402662214284,-0.05253352165210496
1380.87031,wn_1380.87,-0.11472971067460375,-0.1782668104351246,0.10101787768488245,0.05559440811361622,-0.04608888798694511
1378.94172,wn_1378.94,-0.10590470409372034,-0.16823185850554148,0.10628524260051687,0.05634397123295357,-0.03931006045166286
1377.01313,wn_1377.01,-0.09667511457798303,-0.15790110458343878,0.10925430503589717,0.057501421250328665,-0.034041900808127086
1375.08454,wn_1375.08,-0.08803592664672802,-0.14774372375948425,0.10899635476440865,0.05946375413608245,-0.0298996550630902
1373.15595,wn_1373.16,-0.08256020862380191,-0.1397393319828217,0.1039644929291673,0.061799976772754346,-0.024712675545448592
1371.22736,wn_1371.23,-0.07923466587248623,-0.13304626247960183,0.09496194688323446,0.06392448311351483,-0.01943352829441868
1369.29877,wn_1369.3,-0.07525404975812534,-0.1257609877838099,0.08461496899240795,0.06599197140275011,-0.01642167735925351
1367.37018,wn_1367.37,-0.07040270787366854,-0.11707512258977483,0.07412066843718278,0.06765375430836498,-0.015442856816706834
1365.44159,wn_1365.44,-0.06537705308366239,-0.10750478397591778,0.06389077069210244,0.06828682842894726,-0.01538070601037957
1363.513,wn_1363.51,-0.060097268893539876,-0.09814012866219635,0.05482299139605248,0.06809391819476873,-0.01592009232718148
1361.58441,wn_1361.58,-0.055415878076778724,-0.09024080556298769,0.04681876244242798,0.06877662616545505,-0.01606776586267274
1359.65582,wn_1359.66,-0.05208465806210187,-0.08368601251089242,0.039539712239362125,0.07004784336664611,-0.01533476574116621
1357.72723,wn_1357.73,-0.04951652862311578,-0.07816243605427221,0.032821546599145275,0.07174589509393327,-0.014461091019152508
1355.79864,wn_1355.8,-0.04648402909937184,-0.07338853744517498,0.027436274010242064,0.07418526140343494,-0.015065614519767949
1353.87005,wn_1353.87,-0.04294387991501247,-0.06895127634025813,0.023641893004809962,0.07562501356547331,-0.017088820001517138
1351.94146,wn_1351.94,-0.03991802586713951,-0.06645299036188064,0.021180487812499642,0.07674352120436272,-0.019193390702952392
1350.01287,wn_1350.01,-0.038386168682383044,-0.06626322413925921,0.019154022766049196,0.0767938314532994,-0.02017978083949417
1348.08428,wn_1348.08,-0.03925589563185437,-0.06817322391290562,0.016321430149175625,0.07678688077820002,-0.01905318781974439
1346.15569,wn_1346.16,-0.04172947705329562,-0.07080071592227488,0.012919606925418058,0.07660765458810129,-0.016596161580004994
1344.22711,wn_1344.23,-0.04393529959759308,-0.07284344194538016,0.009828014747589667,0.07612926586426318,-0.014203854529377875
1342.29852,wn_1342.3,-0.04522425496527624,-0.07468316876234228,0.007606113869338614,0.07725720750308648,-0.012449579351975243
1340.36993,wn_1340.37,-0.04525950063572505,-0.07569260299726714,0.006184401794285934,0.07741703333270569,-0.011449477695505996
1338.44134,wn_1338.44,-0.044037861346006256,-0.07643642755117037,0.005315551376402857,0.07739722270027719,-0.011331529068963866
1336.51275,wn_1336.51,-0.04196085115548354,-0.07697427478331613,0.004856097887683475,0.07714675254816235,-0.0118276439044377
1334.58416,wn_1334.58,-0.039795609113669105,-0.07749334616211305,0.004495143644132854,0.07705384869676636,-0.012250341890965109
1332.65557,wn_1332.66,-0.03771800556308258,-0.07804547190097544,0.004384368649802607,0.07732525222343466,-0.01282229660069185
1330.72698,wn_1330.73,-0.035601247470493785,-0.07799256827372937,0.0046044503921421984,0.076742945840482,-0.0137364737808326
1328.79839,wn_1328.8,-0.03389991167588134,-0.07756467881718064,0.005196366033691046,0.07584952406480745,-0.01495585776526775
1326.8698,wn_1326.87,-0.03358897978151146,-0.0784116682056435,0.00564419397600751,0.07630955135283789,-0.015528318744487807
1324.94121,wn_1324.94,-0.03488702069525226,-0.08043447302808558,0.005905364874583421,0.07588561028583601,-0.015183870931169335
1323.01262,wn_1323.01,-0.0375854310814622,-0.083765914816517,0.005870956032169548,0.074630361822105,-0.01402913708954812
1321.08403,wn_1321.08,-0.04055501401505694,-0.087244124699080855,0.006287451474774612,0.07321486651742494,-0.01305930364670935
1319.15544,wn_1319.16,-0.04305288672932183,-0.09064278798927665,0.00759426822046792,0.07190360740464637,-0.012725466362453365
1317.22685,wn_1317.23,-0.04458195842326643,-0.09387896021061574,0.009761462503393025,0.07103592811876105,-0.013165885053363255
1315.29826,wn_1315.3,-0.04504061744283022,-0.09721261647486525,0.012825777284301797,0.0712023358310317,-0.014480908325985751
1313.36967,wn_1313.37,-0.04430011866337885,-0.0997421651420461,0.01644617385852164,0.07082004980754827,-0.016501644239094896
1311.44108,wn_1311.44,-0.042911899052174435,-0.10210725349047661,0.020086445525698784,0.07094005751299673,-0.01870820960634834
1309.51249,wn_1309.51,-0.04092370069039313,-0.10413742718323625,0.023832403958491486,0.07082946432663924,-0.0208645227631592
1307.5839,wn_1307.58,-0.03858486323769328,-0.1060070468785499,0.027220560942668833,0.07108943103987683,-0.02282577447206532
1305.65531,wn_1305.66,-0.03589811889623201,-0.10685776268003631,0.0301860962399035,0.07053715019317301,-0.024731896319335468
1303.72672,wn_1303.73,-0.03346384828058923,-0.10725035937160314,0.032501746189388434,0.07032965819289891,-0.02601199699852324
1301.79813,wn_1301.8,-0.03132430918197109,-0.10714091985688128,0.034077244197235713,0.07050011659811312,-0.026928883423847024
1299.86954,wn_1299.87,-0.029431863449276358,-0.10661296890214736,0.035130773144875796,0.07069070000805028,-0.027591739032797245
1297.94095,wn_1297.94,-0.027761777958887512,-0.10567054932162492,0.03583519003708599,0.07016996540346539,-0.028137178477363443
1296.01236,wn_1296.01,-0.026288200686266503,-0.10508970991583393,0.03625389121272341,0.07002028141798379,-0.028619046200878736
1294.08377,wn_1294.08,-0.024859789536753774,-0.10414637926595843,0.03681762579342035,0.06999346598904749,-0.029358541908231957
1292.15518,wn_1292.16,-0.023533021834486266,-0.10314802795930453,0.037494484396048744,0.07010371973019912,-0.030168222913687738
1290.22659,wn_1290.23,-0.022457706772943717,-0.10242158103720053,0.038409278383744784,0.07090934375634658,-0.031014157838896262
1288.298,wn_1288.3,-0.021613630371932927,-0.1016736255147296,0.03974918198742061,0.07179642806408734,-0.031879424360633624
1286.36941,wn_1286.37,-0.020844823224431323,-0.10121181491059712,0.041236183692053334,0.07251268440174671,-0.03267612787493476
1284.44082,wn_1284.44,-0.020450230971748883,-0.10165341530522325,0.04286414381226998,0.07332051582017424,-0.03321480301455486
1282.51223,wn_1282.51,-0.02008691338372702,-0.10202623559148881,0.04484979114323486,0.07314030273726718,-0.03382875621245248
1280.58364,wn_1280.58,-0.020050257411115064,-0.10306569393762328,0.04683518662459764,0.07402931189364734,-0.03444362820983329
1278.65505,wn_1278.66,-0.02000026905867266,-0.10389954115053958,0.049188227034877824,0.07425528181353709,-0.0353534412114847
1276.72646,wn_1276.73,-0.020294431229503803,-0.1047743799192864,0.051714209768506984,0.07443699228949249,-0.03653540991014837
1274.79787,wn_1274.8,-0.02078302650495441,-0.10526761260795517,0.054591874853917845,0.07401022942162172,-0.038248212961370806
1272.86928,wn_1272.87,-0.02175587730480074,-0.10618454019820227,0.05787206169914335,0.07392333402389437,-0.040268505191470724
1270.94069,wn_1270.94,-0.02293702114397718,-0.10722977179428946,0.06169041386850794,0.07382274486301282,-0.04281209118130703
1269.0121,wn_1269.01,-0.024100890461043665,-0.10809660164355632,0.06627071806842734,0.07383295083125754,-0.04630762885574295
1267.08351,wn_1267.08,-0.025034363115402476,-0.1089455793061977,0.07190618751281215,0.07383992710234515,-0.050781593075847446
1265.15492,wn_1265.15,-0.025760924762580264,-0.11030013618147264,0.07828523887205269,0.07377008693165343,-0.05591829303959212
1263.22633,wn_1263.23,-0.0264237975613736,-0.11249285978987164,0.08531859317818838,0.07309991868135163,-0.06154845271234915
1261.29774,wn_1261.3,-0.027217966837656215,-0.11588828927440602,0.09260033065737479,0.07245678202434833,-0.06737418454434611
1259.36915,wn_1259.37,-0.028071576854791395,-0.12023367191255192,0.09984167293140833,0.0704927613690606,-0.07319441244896886
1257.44056,wn_1257.44,-0.029610499823191645,-0.12672245365752727,0.10669632543445476,0.06895044478975068,-0.07831680644291937
1255.51197,wn_1255.51,-0.03156605711431553,-0.13456969452265058,0.11297673479084869,0.06665479161104072,-0.08280624469430214
1253.58338,wn_1253.58,-0.033871770601719385,-0.1441324029070519,0.11848892944927993,0.0639340503960459,-0.08662852415072696
1251.65479,wn_1251.65,-0.036368747551842974,-0.15509083772851193,0.1231345618552929,0.060203676665685456,-0.08971169378665898
1249.7262,wn_1249.73,-0.03870200265190301,-0.1667306117947763,0.12691792997963786,0.05597261604406604,-0.09233157048543018
1247.79761,wn_1247.8,-0.04075581267144225,-0.17854468692512665,0.1300753791585026,0.05226169355233546,-0.09444748019580598
1245.86902,wn_1245.87,-0.04229790018003952,-0.19006728625323388,0.13252851903495158,0.0487134215645201,-0.09615154136924003
1243.94043,wn_1243.94,-0.04279532557326151,-0.20024322735255698,0.13453923783428448,0.04443944937800809,-0.09780532486642318
1242.01184,wn_1242.01,-0.04234592117457758,-0.20930455120575941,0.13597959871031684,0.040084801336112176,-0.09935630562530635
1240.08325,wn_1240.08,-0.04084694166153551,-0.2168965155104318,0.13713459645237266,0.03571833213012174,-0.10063664730089086
1238.15466,wn_1238.15,-0.0382669352229097,-0.22232710615886334,0.1378825595531194,0.03125640613254584,-0.1017683163782497
1236.22608,wn_1236.23,-0.03489564440332697,-0.22561067790622966,0.13823651067875856,0.028035296732374853,-0.10252987388046475
1234.29749,wn_1234.3,-0.030966088652117165,-0.22660367142882082,0.13779935165876178,0.026486470565425375,-0.10285976126925685
1232.3689,wn_1232.37,-0.02661050711602545,-0.22544520183019648,0.13661344151626087,0.02643640863300989,-0.10270295102213484
1230.44031,wn_1230.44,-0.02202628367205826,-0.22236102063704388,0.13466378803963192,0.027128965268146597,-0.10194943215913481
1228.51172,wn_1228.51,-0.01698778303809981,-0.21736404781252608,0.13196901268851333,0.027729486170351154,-0.10073041888856034
1226.58313,wn_1226.58,-0.01165199599987356,-0.21097265307230237,0.1284584606749677,0.029177214997316153,-0.09893984613636232
1224.65454,wn_1224.65,-0.005850211385991305,-0.20285375081240908,0.124303962301433,0.030895232063265318,-0.09669749337589513
1222.72595,wn_1222.73,5.54820618345079e-4,-0.1929068289027918,0.11977061124071897,0.033845683101416446,-0.09402018118376372
1220.79736,wn_1220.8,0.007750356823916225,-0.18103372267462126,0.11510731400281332,0.03635347447308326,-0.09113752547270532
1218.86877,wn_1218.87,0.015270623071809342,-0.1685147554082143,0.11016200322903433,0.03918775388577097,-0.08775274928602957
1216.94018,wn_1216.94,0.023050388560489424,-0.15576547562873236,0.10487967721518413,0.041189675437697214,-0.08394239804667347
1215.01159,wn_1215.01,0.03079052152043651,-0.14392817813551995,0.09930069333359125,0.043173725090215706,-0.07934595418937894
1213.083,wn_1213.08,0.03838472726273583,-0.13290165677614668,0.09353961166606418,0.04529898866127261,-0.0739820051733758
1211.15441,wn_1211.15,0.04575515677126965,-0.1225086146992174,0.08761739686854046,0.04792428137621902,-0.06806363028602026
1209.22582,wn_1209.23,0.05309704637086075,-0.11237870309392411,0.08156262407613703,0.05030487280170261,-0.06169479043008333
1207.29723,wn_1207.3,0.06045514028143117,-0.1030416423741986,0.07520951599045295,0.05216861167337309,-0.05514065225898016
1205.36864,wn_1205.37,0.06773764596618423,-0.09488750855047813,0.06870745724929109,0.05379570397743939,-0.04847797144865387
1203.44005,wn_1203.44,0.07544745904518896,-0.087729912378132,0.0623464321775482,0.05451755015865149,-0.04209009092835006
1201.51146,wn_1201.51,0.08364253394602465,-0.08148664416057735,0.056304653791562145,0.055322231163216336,-0.03610557127190185
1199.58287,wn_1199.58,0.09270186483333234,-0.07511579970885707,0.050862838334868515,0.05517276858143996,-0.030817402386300666
1197.65428,wn_1197.65,0.10226837175179737,-0.06894548229740607,0.04602432354602717,0.05574891679480698,-0.025991288407248472
1195.72569,wn_1195.73,0.1125650144661908,-0.06257456126317382,0.04187769550006441,0.056696903876289194,-0.021639357316361723
1193.7971,wn_1193.8,0.12357793384432407,-0.055973494250201365,0.0384606956995231,0.05723720556804691,-0.01783361230601466
1191.86851,wn_1191.87,0.13527850108226752,-0.0493291700213488,0.03578163476801416,0.05776064458407023,-0.014748792568837299
1189.93992,wn_1189.94,0.14732927824347197,-0.043383169303607354,0.03358778633276869,0.058731475010965255,-0.012226196494016827
1188.01133,wn_1188.01,0.15968559724438883,-0.0379957244960917,0.032086657770458604,0.059516935717250016,-0.01009394980821433
1186.08274,wn_1186.08,0.17216017963628474,-0.033620355157211734,0.031139050167940892,0.05984487882189982,-0.008271820840526866
1184.15415,wn_1184.15,0.18478670896054208,-0.03086464334314777,0.030925996865896054,0.05955619038257296,-0.0068237669336734235
1182.22556,wn_1182.23,0.1975082623005908,-0.030241863053188843,0.0313711139397297,0.05813243495342854,-0.005423429742739574
1180.29697,wn_1180.3,0.21029826196905815,-0.03144670671144206,0.03235840320523724,0.05529532535000643,-0.003933267090817049
1178.36838,wn_1178.37,0.2230146598538707,-0.034701730264505286,0.03338716471943037,0.05254679185272172,-0.001992083319375181
1176.43979,wn_1176.44,0.23625803634314288,-0.03953935695132661,0.03427068724755873,0.049438717108065744,1.3870150659793225e-4
1174.5112,wn_1174.51,0.25007112077883065,-0.046000090568980787,0.03473288756160503,0.04691087575761977,0.002572041577511014
1172.58261,wn_1172.58,0.2646825240261617,-0.05290160097785327,0.03486443845836834,0.04413981198529007,0.005344473512759312
1170.65402,wn_1170.65,0.2801050222198679,-0.05910710168715756,0.03448524458683863,0.04105381502885643,0.008381589741609203
1168.72543,wn_1168.73,0.2965289708723633,-0.0640134011495557,0.033304174575948996,0.038263221373541156,0.011463358965974934
1166.79684,wn_1166.8,0.31418841306201356,-0.06746836817605308,0.031244779074455047,0.03614446021312934,0.01453320640696803
1164.86825,wn_1164.87,0.33350998854956687,-0.06930453033800871,0.02833584614559418,0.03441626235727226,0.01704913684025128
1162.93966,wn_1162.94,0.35471294920812635,-0.07016885808096038,0.02459733963874394,0.034261151168221836,0.019105255361580392
1161.01107,wn_1161.01,0.37806798651091295,-0.06971674743920392,0.020244433119245165,0.03573453774061484,0.020555111744772165
1159.08248,wn_1159.08,0.40401589382834896,-0.06701390136855992,0.015429202411633836,0.036533742051036155,0.02136502072567941
1157.15389,wn_1157.15,0.43260905651632553,-0.06320716181910968,0.010106019028059127,0.03783172126309955,0.021851217536691447
1155.2253,wn_1155.23,0.464043920006543,-0.0588136702763578,0.004078523264054136,0.039569493235515084,0.022407846110341283
1153.29671,wn_1153.3,0.498480326028615,-0.05385344650172532,-0.0028061268707382362,0.04185191344273768,0.023252738391302867
1151.36812,wn_1151.37,0.5356751068366937,-0.04886078841696699,-0.011010701500468985,0.04370874717243794,0.02473795293036812
1149.43953,wn_1149.44,0.5747404538957394,-0.045448175668275005,-0.020879259860808404,0.04558413545439947,0.027379630562768306
1147.51094,wn_1147.51,0.6147522630072186,-0.04401506738197475,-0.03205056824760599,0.047035174137148854,0.03129611941467621
1145.58235,wn_1145.58,0.6545581284282773,-0.045169377486898504,-0.043960764371033786,0.04803155784656996,0.03649977074192469
1143.65376,wn_1143.65,0.6933786658364268,-0.04824593257242023,-0.05598398197208974,0.0474420657735244,0.042337445994822934
1141.72517,wn_1141.73,0.7300275883576841,-0.053886804380119016,-0.06773878177272644,0.04585340689529388,0.04847043211914081
1139.79658,wn_1139.8,0.763599116826705,-0.0631609328893358,-0.0787455493472714,0.0433404377777437,0.05484003875799288
1137.86799,wn_1137.87,0.7936969423721832,-0.07573085170074989,-0.08852118103344024,0.03805298364688478,0.06080436527341883
1135.9394,wn_1135.94,0.8196857420977142,-0.09103700028818305,-0.09657139294934795,0.032130359836732555,0.06626995785192577
1134.01081,wn_1134.01,0.8416968236606875,-0.10742964627430937,-0.10260481950265374,0.02605413848890695,0.07062101797452366
1132.08222,wn_1132.08,0.8605359321455102,-0.12381636612595756,-0.10648777347829587,0.018992338834144303,0.0734907673293999
1130.15364,wn_1130.15,0.8771376182520767,-0.1405109020179089,-0.1081590086641319,0.011277894378952253,0.07467212102615026
1128.22505,wn_1128.23,0.8922429214553208,-0.1569065091244975,-0.10784486933262252,0.003684323728337332,0.07433528046875752
1126.29646,wn_1126.3,0.9065934971120707,-0.17222168563084522,-0.1058452726140251,-0.004054140713310193,0.07266272707270065
1124.36787,wn_1124.37,0.9203669029596204,-0.18699351125373956,-0.10319497031831219,-0.011155650424076777,0.07027131014882221
1122.43928,wn_1122.44,0.9344398883494088,-0.20088562090293635,-0.09995592866540763,-0.01914023967420562,0.06708408206873397
1120.51069,wn_1120.51,0.9485598486358765,-0.2144616896326964,-0.0963140366666245,-0.026645622639748078,0.06350339153585773
1118.5821,wn_1118.58,0.9627406796894962,-0.2279650023552766,-0.09207565404222798,-0.03374503718680652,0.05942218914322696
1116.65351,wn_1116.65,0.9764311554358112,-0.24122131219576515,-0.08739618253619509,-0.03991538108324233,0.05486968622919985
1114.72492,wn_1114.72,0.9891018844460474,-0.25436065106491923,-0.08234920242050527,-0.04568817234214631,0.049781785987382546
1112.79633,wn_1112.8,1.000024187352928,-0.2677894439751652,-0.07694071809638849,-0.050373371990918514,0.044553685938809394
1110.86774,wn_1110.87,1.0090869243568692,-0.2812634265444045,-0.07074376612180656,-0.054482283104379,0.03893046364210133
1108.93915,wn_1108.94,1.0159843546929275,-0.29433081479586065,-0.06358524908102527,-0.057660492641422964,0.03286354779900206
1107.01056,wn_1107.01,1.020425176291743,-0.3060437016179545,-0.055623261418824815,-0.061017752940937066,0.026377968236652997
1105.08197,wn_1105.08,1.0220171773313451,-0.3165354417056835,-0.04680765902715845,-0.06399192240152171,0.019732711318735458
1103.15338,wn_1103.15,1.0207940843326837,-0.3257924279734738,-0.037147249599440595,-0.06693587438745924,0.012815965461888814
1101.22479,wn_1101.22,1.0169019476617458,-0.3338047980067902,-0.02671971714227764,-0.06878414613550862,0.005636034386671298
1099.2962,wn_1099.3,1.0103764408588434,-0.34042511363683364,-0.015888695951961403,-0.0701727514708883,-0.0017517518731027621
1097.36761,wn_1097.37,1.001328918565058,-0.34612749475393084,-0.005063138594632269,-0.07053031563861459,-0.009257684061094533
1095.43902,wn_1095.44,0.9899866241280476,-0.351184447661635,0.005864042011260897,-0.07075552059487739,-0.016738059977902446
1093.51043,wn_1093.51,0.9762393148207236,-0.356031006096227,0.01653482070994636,-0.0703576118271028,-0.023991144644123594
1091.58184,wn_1091.58,0.960774077345672,-0.3598871503791849,0.02712450612088723,-0.07125140215074362,-0.03143173781578465
1089.65325,wn_1089.65,0.9433935753208867,-0.3634317379332267,0.036996771697805464,-0.07145815918790702,-0.03853385758777323
1087.72466,wn_1087.72,0.9246786783804039,-0.3664649652119918,0.04616289732237531,-0.07117140418459089,-0.04530805190947697
1085.79607,wn_1085.8,0.9054333955168211,-0.3681261791800449,0.05476605356077111,-0.07171009411280295,-0.051556847387304976
1083.86748,wn_1083.87,0.8859308914493714,-0.3693244944575478,0.06280341280090257,-0.07161071399884714,-0.056909159020344505
1081.93889,wn_1081.94,0.8662230823177217,-0.3703808688081219,0.06986386273204849,-0.07032897107198578,-0.06094122919215225
1080.0103,wn_1080.01,0.8470310808599558,-0.37020499700853693,0.0759779210295526,-0.07027407473552293,-0.06392748155556217
1078.08171,wn_1078.08,0.8286551702285732,-0.3687691702960147,0.08132027189040572,-0.07082468857479418,-0.0661042203724589
1076.15312,wn_1076.15,0.8114767737969028,-0.3663471942580319,0.08601007651174124,-0.07226114020032762,-0.06789142318545434
1074.22453,wn_1074.22,0.7954114671127307,-0.3634638471207407,0.09007275360270232,-0.07336073313150576,-0.06937125168499161
1072.29594,wn_1072.3,0.780884528071151,-0.359988981391209,0.09395679663122092,-0.07483600336523968,-0.071301664826739
1070.36735,wn_1070.37,0.7677565909414632,-0.35682591237102335,0.09780119693582368,-0.07594510479161286,-0.07383324464456728
1068.43876,wn_1068.44,0.7558025322516947,-0.35428223100832906,0.101707549062612,-0.07793580165601886,-0.07680907924204716
1066.51017,wn_1066.51,0.744303519545854,-0.3528500439425918,0.10547878567570411,-0.08036036091648016,-0.07991040514831764
1064.58158,wn_1064.58,0.7328136972109135,-0.35297350973881453,0.10901167329617924,-0.08289461633325096,-0.08275673238052987
1062.65299,wn_1062.65,0.7213153944946518,-0.35406938435721086,0.11217203764970017,-0.08677333402264432,-0.08512942328643998
1060.7244,wn_1060.72,0.7091043481168238,-0.3565918899022136,0.11476075422613188,-0.08986791843432584,-0.0864009518477697
1058.79581,wn_1058.8,0.6962461654460045,-0.3600767300906097,0.11653215170622201,-0.09139567215000545,-0.08637553121812386
1056.86722,wn_1056.87,0.6826261989504813,-0.36395429112838684,0.11756307758219939,-0.0897826402391609,-0.0848288694182333
1054.93863,wn_1054.94,0.6684905618168082,-0.36705489598086743,0.11772495229716057,-0.08490796536972259,-0.08205415128153909
1053.01004,wn_1053.01,0.654148957687947,-0.3682514135285372,0.11706123816295318,-0.07716361652355104,-0.07834099998387153
1051.08145,wn_1051.08,0.6407853355137506,-0.3654736761420268,0.11628881606814966,-0.06842967389165733,-0.07475565438150916
1049.15286,wn_1049.15,0.6289925381120848,-0.3576134572171341,0.11565162329822594,-0.05900474723067012,-0.07181245160782465
1047.22427,wn_1047.22,0.6196153773503202,-0.3432441184372778,0.11568536831470791,-0.04967156171913035,-0.07031638299020583
1045.29568,wn_1045.3,0.6129987376817094,-0.3222690043633533,0.11663470616151025,-0.040505929170529205,-0.07094954944551163
1043.36709,wn_1043.37,0.6091820415262554,-0.2958144054783213,0.11866077190375181,-0.03132702282976459,-0.07379752211311671
1041.4385,wn_1041.44,0.6079145415533016,-0.2652306207609245,0.12149515083141196,-0.022432356174862632,-0.07872491234971575
1039.50991,wn_1039.51,0.6083941124206677,-0.23296471884793954,0.12493620387519075,-0.012965739914500196,-0.08483691185669916
1037.58132,wn_1037.58,0.6100927346586928,-0.2012316577786357,0.128601806016753,-0.003837894093306867,-0.09154691518961733
1035.65273,wn_1035.65,0.6120607421467313,-0.1720984202577522,0.13187739364877957,0.005129656548304145,-0.09787703639777623
1033.72414,wn_1033.72,0.6137932620436254,-0.14639009638812212,0.13443268810089185,0.012110708344279433,-0.10351049787433851
1031.79555,wn_1031.8,0.6141380570174909,-0.12646105246118,0.13512199820042414,0.019078622326540378,-0.10720142473856802
1029.86696,wn_1029.87,0.6125213409723361,-0.11320441543052505,0.1332813322132225,0.025380128845318484,-0.10822089993747545
1027.93837,wn_1027.94,0.608767188549866,-0.10718345553933309,0.12851191504991674,0.029692902219298843,-0.10615846249629
1026.00978,wn_1026.01,0.6032490935781152,-0.10841096815985306,0.12095090398125806,0.03170890775275644,-0.1010888296737818
1024.08119,wn_1024.08,0.5961411092914114,-0.11656440578795436,0.11101038676559105,0.03230029919181376,-0.09314941439209844
1022.15261,wn_1022.15,0.5878348520208577,-0.12997056998757428,0.09898200934858264,0.03115728577275546,-0.08273509712241775
1020.22402,wn_1020.22,0.5793007953479282,-0.14690274147015922,0.08564434639872948,0.027418171964510653,-0.0706892881496456
1018.29543,wn_1018.3,0.5724886588932927,-0.16547586767725705,0.0713433460040263,0.01974653638650449,-0.058072593160638765
1016.36684,wn_1016.37,0.5693520525058956,-0.18439953288565158,0.05658068638662746,0.00726368659668769,-0.0453841029940777
1014.43825,wn_1014.44,0.570217943083172,-0.20268224501715432,0.0414475184865292,-0.009476826530347884,-0.032903855666085245
1012.50966,wn_1012.51,0.5739861354428537,-0.21991615565291203,0.026802146158950563,-0.02915750670247364,-0.020826808289793337
1010.58107,wn_1010.58,0.5785601354247921,-0.23660266935575622,0.012785550837390625,-0.048646347971693406,-0.009288804453810856
1008.65248,wn_1008.65,0.5827231353463056,-0.2522203567495344,-2.169827119196986e-4,-0.0676059175155662,0.0014106738462541088
1006.72389,wn_1006.72,0.5852354899118779,-0.26750233260960066,-0.012350060197508934,-0.08470015663314784,0.011379643064062948
1004.7953,wn_1004.8,0.5854511535239127,-0.2823625296175905,-0.024019792522935766,-0.09961594864993535,0.02071839246739146
1002.86671,wn_1002.87,0.5828472071640238,-0.2972598341284481,-0.03546567419807439,-0.11241199003301501,0.029654878140368043
1000.93812,wn_1000.94,0.5774895288882278,-0.31175074962976196,-0.046738420349206465,-0.12422054930500445,0.03817242578412156
999.00953,wn_999.01,0.5693578135653794,-0.3261137882032464,-0.05769102515560758,-0.13369869825191993,0.04644599400279025
997.08094,wn_997.08,0.5592872123416155,-0.3392167264067251,-0.06800828982900564,-0.14243306314757861,0.054133255276552945
995.15235,wn_995.15,0.5478608252897328,-0.3506543053016661,-0.0775808452631585,-0.15013723440024018,0.061208410368055625
993.22376,wn_993.22,0.5362245883325051,-0.3602538912457728,-0.08639727244655204,-0.15678730401302043,0.06773076347089611
991.29517,wn_991.3,0.5260133134273248,-0.36743336506024643,-0.09453354573714948,-0.16177152181713023,0.07375242249414754
989.36658,wn_989.37,0.5179289280609054,-0.3716275925003034,-0.10188861566021057,-0.16461440090114685,0.07933100056080253
987.43799,wn_987.44,0.5113290819658564,-0.37172533886354814,-0.10781400870491586,-0.16447037787707933,0.08398404895791188
985.5094,wn_985.51,0.5051835919819747,-0.36732604642753736,-0.11143924174049716,-0.16052465211942474,0.08709437491073022
983.58081,wn_983.58,0.49922921409733206,-0.3575462448159743,-0.11219036172102129,-0.15336000701533653,0.08779383918600951
981.65222000000006,wn_981.65,0.49374637985913367,-0.342428354098984,-0.10952509596866876,-0.14309200774159206,0.08559796174819843
979.72363,wn_979.72,0.4888752045882408,-0.32224746317195335,-0.10361854899387177,-0.12988563510127774,0.08059309195801728
977.79504,wn_977.8,0.48460429882539535,-0.2979281586321718,-0.09491806867809853,-0.11375274578295134,0.07292555819865507
975.86645,wn_975.87,0.48126685102553435,-0.2698259470779578,-0.08388040277166749,-0.09698486195879352,0.06291085796654075
973.93786,wn_973.94,0.47870854140617813,-0.2391460762763149,-0.07150498877850064,-0.07956394996691005,0.05126655871678873
972.00927,wn_972.01,0.4766004041122726,-0.20708353770004276,-0.05871384309817983,-0.061469687862615675,0.03910357141739734
970.08068,wn_970.08,0.4746924425371469,-0.17443725079668126,-0.04658520129318254,-0.043212501272140644,0.027517212858024994
968.15209,wn_968.15,0.47279422747181427,-0.1423058616048623,-0.0358252760452306,-0.02510171404400119,0.01726863640325251
966.2235,wn_966.22,0.47058447142435755,-0.11224452338646823,-0.027291671671965105,-0.007568905128312532,0.009209282738087531
964.29491,wn_964.29,0.46815415849120445,-0.08484497777280643,-0.02107026870816883,0.008488641284723382,0.0035217587814052446
962.36632,wn_962.37,0.4654059093114976,-0.0610147978627092,-0.017440392061581888,0.023106985470406207,2.458191691780534e-4
960.43773,wn_960.44,0.46232485918383187,-0.04102538215386092,-0.016292158251549876,0.03511503396281096,-7.084298352609282e-4
958.50914,wn_958.51,0.4587260513755429,-0.0252245198096549,-0.017658229046608596,0.04405297527205592,5.182429635937703e-4
956.58055,wn_956.58,0.454556775105377,-0.01318968418855838,-0.021143958756953213,0.04914391189618125,0.003405384918195252
954.65196,wn_954.65,0.44913180310772943,-0.006026153787530345,-0.026592295079956606,0.05262961934232285,0.00826544559446618
952.72337,wn_952.72,0.4424165241505388,-0.003469636304502234,-0.03342987135660371,0.05391277370289862,0.014826700585111157
950.79478,wn_950.79,0.43462522519983016,-0.0050108842825107155,-0.04107418071653109,0.053555394235548955,0.022483524806699552
948.86619,wn_948.87,0.4262931510336111,-0.009244402539000147,-0.04881708711670167,0.051991900548511064,0.030250233122764106
946.9376,wn_946.94,0.417833419116677,-0.014970478223399962,-0.056114328678331264,0.05078703157920382,0.037462351680944174
945.00901,wn_945.01,0.40995166070264855,-0.02048132780669116,-0.06230609293503139,0.0502197124236771,0.04325888825869231
943.08042,wn_943.08,0.4030360583565776,-0.02512643121519333,-0.06699662050905535,0.051295268223498044,0.04732678917082787
941.15183,wn_941.15,0.3978357606585546,-0.027375317381940795,-0.06972409179749475,0.05170462174003258,0.049007388352920095
939.22324,wn_939.22,0.39434183220233404,-0.02711431977339883,-0.07063586558605162,0.05121605824664918,0.04857707527821159
937.29465,wn_937.29,0.3925258909321393,-0.024667159088320557,-0.06980965117084648,0.04959948485794882,0.046251957281872196
935.36606,wn_935.37,0.3916988417159389,-0.02167781252672546,-0.06806590327336783,0.048584535768682,0.04288264866511718
933.43747,wn_933.44,0.39127180239627757,-0.018827852413294863,-0.06595419529464597,0.047098922944022396,0.039315767102484446
931.50888,wn_931.51,0.39042027931426193,-0.017472409484967366,-0.06425067592518628,0.0465181642504963,0.03625065115407763
929.58029,wn_929.58,0.38881576341258584,-0.017758611357703888,-0.06338056582377165,0.045957404514936594,0.034051961004482295
927.6517,wn_927.65,0.3860387197896077,-0.020139027050685033,-0.06359732320770745,0.04537311549925592,0.033327531462519634
925.72311,wn_925.72,0.382192126977525,-0.024274303025274058,-0.06468384783036182,0.0440600956947446,0.03413890494513628
923.79452,wn_923.79,0.37747444454756524,-0.03030939735970656,-0.06676108240274216,0.04350816700921056,0.03639619851091154
921.86593,wn_921.87,0.37287208187700155,-0.03718865315574426,-0.06935119681911575,0.04310310920825604,0.039107826393332205
919.93734,wn_919.94,0.36930526134984587,-0.04331067265703314,-0.07214277993747667,0.04066825123738359,0.04163628712037939
918.00875,wn_918.01,0.36654233749979054,-0.04911709718208356,-0.0749850880402148,0.03807179575108986,0.0439611248447301
916.08016,wn_916.08,0.3645292621887148,-0.05392904719369298,-0.07766392273178686,0.03540016108379884,0.04590563451390064
914.15158,wn_914.15,0.3628880813611051,-0.05796611480730463,-0.08029021344543007,0.03323033629487414,0.0476694066483472
912.22299,wn_912.22,0.36166289307214594,-0.060190019457114274,-0.08279190300609411,0.029688813939513704,0.04930744129306279
910.2944,wn_910.29,0.3602707602362648,-0.06159308847214522,-0.08523415578807966,0.025840905189895423,0.05108213276656167
908.36581,wn_908.37,0.35818040510976695,-0.06338884283709126,-0.08766634115467792,0.02362627576856094,0.053319605329201755
906.43722,wn_906.44,0.3555042849713534,-0.06576534622844356,-0.08973083181317396,0.022959400196885617,0.05570647067091659
904.50863,wn_904.51,0.3529108363613611,-0.06788185236917517,-0.09101383769437518,0.02223728026408471,0.0572922430553784
902.58004,wn_902.58,0.35058886020967733,-0.06911388673794838,-0.09137721819067586,0.020451513452948163,0.05801147057877778
900.65145,wn_900.65,0.34818606814936115,-0.07041248490866601,-0.09110514038866482,0.019004103284482276,0.05838789381287674
898.72286,wn_898.72,0.34593451236737427,-0.07195887098340399,-0.09030061425254793,0.01765133194143646,0.05835635698319687
896.79427,wn_896.79,0.34405133344467537,-0.07389521256925331,-0.08900583947785891,0.015963949649317494,0.057774378704271385
894.86568,wn_894.87,0.3425774989641292,-0.0764140819020411,-0.08725426435443069,0.014505732300321997,0.056713465945388314
892.93709,wn_892.94,0.34147763221873284,-0.07907725779296157,-0.0853463239884011,0.012199543299040945,0.055511526422752554
891.0085,wn_891.01,0.34033910052758254,-0.08259242503305118,-0.08335223332936625,0.010296196187641339,0.05441251744118071
889.07991,wn_889.08,0.3388316045969181,-0.0862762771042732,-0.08126646994975083,0.008244229819241593,0.05361587382105466
887.15132,wn_887.15,0.33664980418081536,-0.09026044530181737,-0.07946705458840403,0.005515716328788272,0.05354355567899794
885.22273,wn_885.22,0.33386227626796666,-0.09476260464277324,-0.07826199596598127,0.0031969043702381383,0.05422414713370785
883.29414,wn_883.29,0.3309400086181204,-0.09893194216002624,-0.07751577558253528,8.04322219437561e-4,0.055277342323187886
881.36555,wn_881.37,0.32831769592553256,-0.10263221552457336,-0.07686916571982867,-7.070922667304242e-4,0.05632200576055843
879.43696,wn_879.44,0.32647434513306944,-0.10555470958637016,-0.07615490860417597,-8.353656917424849e-4,0.056600319109323685
877.50837,wn_877.51,0.32580672685495143,-0.10651802707793678,-0.07528257558565869,-0.001297387735118878,0.05553280576997065
875.57978,wn_875.58,0.32576901478354947,-0.10616233132601664,-0.07459214042477501,-0.0018398584965052599,0.05365786487163674
873.65119,wn_873.65,0.3260831656566049,-0.10460278463232948,-0.07410754776210113,-0.002858482867123285,0.05115194716791268
871.72260000000006,wn_871.72,0.32656721010377754,-0.10230086040543886,-0.07374876584537951,-0.0048430078056295725,0.04815925211101256
