sample_1,sample_2,baseline_same_cluster,consensus
1,10,TRUE,0.3937007874015748
1,11,TRUE,1
10,11,TRUE,0.40186915887850466
1,12,TRUE,0.9984251968503937
10,12,TRUE,0.4440993788819876
11,12,TRUE,0.9968152866242038
1,13,TRUE,0.5808
10,13,TRUE,0.8954041204437401
11,13,TRUE,0.5854430379746836
12,13,TRUE,0.6122448979591837
1,14,TRUE,0.9984
10,14,TRUE,0.3984251968503937
11,14,TRUE,0.9984076433121019
12,14,TRUE,0.9968602825745683
13,14,TRUE,0.5850556438791733
1,15,TRUE,1
10,15,TRUE,0.4015625
11,15,TRUE,1
12,15,TRUE,0.9984202211690363
13,15,TRUE,0.5734597156398105
14,15,TRUE,0.9983974358974359
1,16,TRUE,0.4618973561430793
10,16,TRUE,0.9984639016897081
11,16,TRUE,0.47360248447204967
12,16,TRUE,0.5038402457757296
13,16,TRUE,0.9028213166144201
14,16,TRUE,0.47987616099071206
15,16,TRUE,0.47751937984496123
1,17,TRUE,1
10,17,TRUE,0.3726993865030675
11,17,TRUE,1
12,17,TRUE,0.9968847352024922
13,17,TRUE,0.552099533437014
14,17,TRUE,1
15,17,TRUE,1
16,17,TRUE,0.4398782343987823
1,18,FALSE,0
10,18,FALSE,0.48205928237129486
11,18,FALSE,0
12,18,FALSE,0
13,18,FALSE,0.32761310452418096
14,18,FALSE,0
15,18,FALSE,0
16,18,FALSE,0.4162826420890937
17,18,FALSE,0
1,19,FALSE,0.0180623973727422
10,19,FALSE,0.16612903225806452
11,19,FALSE,0.0165016501650165
12,19,FALSE,0.01938610662358643
13,19,FALSE,0.09238249594813615
14,19,FALSE,0.01948051948051948
15,19,FALSE,0.01594896331738437
16,19,FALSE,0.16927899686520376
17,19,FALSE,0.014308426073131956
18,19,FALSE,0.21990369181380418
1,2,TRUE,0.4448
10,2,TRUE,0.9984177215189873
11,2,TRUE,0.46474358974358976
12,2,TRUE,0.4883720930232558
13,2,TRUE,0.9871382636655949
14,2,TRUE,0.454983922829582
15,2,TRUE,0.4513556618819777
16,2,TRUE,0.9968944099378882
17,2,TRUE,0.4206471494607088
18,2,FALSE,0.435126582278481
19,2,FALSE,0.13452188006482982
1,20,FALSE,0.025078369905956112
10,20,FALSE,0.6345256609642301
11,20,FALSE,0.028391167192429023
12,20,FALSE,0.03571428571428571
13,20,FALSE,0.46529968454258674
14,20,FALSE,0.029411764705882353
15,20,FALSE,0.023474178403755867
16,20,FALSE,0.5555555555555556
17,20,FALSE,0.009316770186335404
18,20,TRUE,0.9485981308411215
19,20,FALSE,0.14832535885167464
2,20,FALSE,0.590625
1,21,FALSE,0
10,21,FALSE,0
11,21,FALSE,0
12,21,FALSE,0
13,21,FALSE,0
14,21,FALSE,0
15,21,FALSE,0
16,21,FALSE,0
17,21,FALSE,0
18,21,FALSE,0.01098901098901099
19,21,TRUE,0.8213716108452951
2,21,FALSE,0
20,21,FALSE,0
1,22,TRUE,0.4703125
10,22,TRUE,0.9984423676012462
11,22,TRUE,0.48746081504702193
12,22,TRUE,0.5269645608628659
13,22,TRUE,0.9145569620253164
14,22,TRUE,0.478806907378336
15,22,TRUE,0.48085758039816234
16,22,TRUE,1
17,22,TRUE,0.44907407407407407
18,22,FALSE,0.41112828438948995
19,22,FALSE,0.1527331189710611
2,22,TRUE,1
20,22,FALSE,0.5557275541795665
21,22,FALSE,0
1,23,TRUE,0.6146496815286624
10,23,TRUE,0.9001610305958132
11,23,TRUE,0.6272285251215559
12,23,TRUE,0.6557632398753894
13,23,TRUE,0.842948717948718
14,23,TRUE,0.6298076923076923
15,23,TRUE,0.64171974522293
16,23,TRUE,0.9858267716535433
17,23,TRUE,0.6006389776357828
18,23,FALSE,0.2576
19,23,FALSE,0.14403973509933773
2,23,TRUE,0.8933764135702746
20,23,FALSE,0.3854660347551343
21,23,FALSE,0
22,23,TRUE,0.9165354330708662
1,24,FALSE,0
10,24,FALSE,0.495253164556962
11,24,FALSE,0.0015698587127158557
12,24,FALSE,0.0030911901081916537
13,24,FALSE,0.34913112164297
14,24,FALSE,0.0015748031496062992
15,24,FALSE,0
16,24,FALSE,0.41347626339969373
17,24,FALSE,0
18,24,TRUE,1
19,24,FALSE,0.09819967266775777
2,24,FALSE,0.4477848101265823
20,24,TRUE,0.9738863287250384
21,24,FALSE,0
22,24,FALSE,0.41001564945226915
23,24,FALSE,0.2507987220447284
1,25,FALSE,0
10,25,FALSE,0.07532051282051282
11,25,FALSE,0
12,25,FALSE,0
13,25,FALSE,0.04012841091492777
14,25,FALSE,0
15,25,FALSE,0
16,25,FALSE,0.07266982622432859
17,25,FALSE,0
18,25,FALSE,0.15544871794871795
19,25,TRUE,1
2,25,FALSE,0.060064935064935064
20,25,FALSE,0.07936507936507936
21,25,TRUE,0.9048387096774193
22,25,FALSE,0.0608
23,25,FALSE,0.052545155993431854
24,25,FALSE,0.02926829268292683
1,3,FALSE,0
10,3,FALSE,0
11,3,FALSE,0
12,3,FALSE,0
13,3,FALSE,0
14,3,FALSE,0
15,3,FALSE,0
16,3,FALSE,0.0015527950310559005
17,3,FALSE,0
18,3,FALSE,0
19,3,TRUE,0.7679127725856698
2,3,FALSE,0
20,3,FALSE,0
21,3,TRUE,0.9968701095461658
22,3,FALSE,0
23,3,FALSE,0.0015748031496062992
24,3,FALSE,0
25,3,TRUE,0.8621236133122029
1,4,TRUE,1
10,4,TRUE,0.40688575899843504
11,4,TRUE,1
12,4,TRUE,0.9968652037617555
13,4,TRUE,0.5846394984326019
14,4,TRUE,0.9984076433121019
15,4,TRUE,1
16,4,TRUE,0.4782608695652174
17,4,TRUE,1
18,4,FALSE,0
19,4,FALSE,0.016
2,4,TRUE,0.46485623003194887
20,4,FALSE,0.030911901081916538
21,4,FALSE,0
22,4,TRUE,0.4849921011058452
23,4,TRUE,0.6440944881889764
24,4,FALSE,0.0015772870662460567
25,4,FALSE,0
3,4,FALSE,0
1,5,FALSE,0
10,5,FALSE,0
11,5,FALSE,0
12,5,FALSE,0
13,5,FALSE,0
14,5,FALSE,0
15,5,FALSE,0
16,5,FALSE,0.001579778830963665
17,5,FALSE,0
18,5,FALSE,0.016051364365971106
19,5,TRUE,0.8204283360790774
2,5,FALSE,0
20,5,FALSE,0
21,5,TRUE,1
22,5,FALSE,0
23,5,FALSE,0.001597444089456869
24,5,FALSE,0
25,5,TRUE,0.9018003273322422
3,5,TRUE,1
4,5,FALSE,0
1,6,TRUE,0.9937106918238994
10,6,TRUE,0.437403400309119
11,6,TRUE,0.9952904238618524
12,6,TRUE,0.9953271028037384
13,6,TRUE,0.615625
14,6,TRUE,1
15,6,TRUE,0.9938080495356038
16,6,TRUE,0.5062111801242236
17,6,TRUE,0.9968847352024922
18,6,FALSE,0.003129890453834116
19,6,FALSE,0.01779935275080906
2,6,TRUE,0.4896988906497623
20,6,FALSE,0.038461538461538464
21,6,FALSE,0
22,6,TRUE,0.5208655332302936
23,6,TRUE,0.6724960254372019
24,6,FALSE,0.0031446540880503146
25,6,FALSE,0
3,6,FALSE,0
4,6,TRUE,0.9937007874015747
5,6,FALSE,0
1,7,FALSE,0.025559105431309903
10,7,FALSE,0.20249221183800623
11,7,FALSE,0.03139717425431711
12,7,FALSE,0.031201248049921998
13,7,FALSE,0.121875
14,7,FALSE,0.025236593059936908
15,7,FALSE,0.029641185647425898
16,7,FALSE,0.19875776397515527
17,7,FALSE,0.02450229709035222
18,7,FALSE,0.24881889763779527
19,7,TRUE,1
2,7,FALSE,0.1700787401574803
20,7,FALSE,0.17182662538699692
21,7,TRUE,0.784037558685446
22,7,FALSE,0.18662519440124417
23,7,FALSE,0.1769352290679305
24,7,FALSE,0.11875
25,7,TRUE,1
3,7,TRUE,0.7370820668693009
4,7,FALSE,0.026604068857589983
5,7,TRUE,0.7806451612903226
6,7,FALSE,0.029827315541601257
1,8,TRUE,0.4755905511811024
10,8,TRUE,1
11,8,TRUE,0.48580441640378547
12,8,TRUE,0.5306122448979592
13,8,TRUE,0.9145569620253164
14,8,TRUE,0.48811410459587956
15,8,TRUE,0.49297971918876754
16,8,TRUE,1
17,8,TRUE,0.45412130637636083
18,8,FALSE,0.40093603744149764
19,8,FALSE,0.14513556618819776
2,8,TRUE,1
20,8,FALSE,0.5438871473354232
21,8,FALSE,0
22,8,TRUE,1
23,8,TRUE,0.9088
24,8,FALSE,0.4142194744976816
25,8,FALSE,0.049679487179487176
3,8,FALSE,0
4,8,TRUE,0.4968944099378882
5,8,FALSE,0
6,8,TRUE,0.5209302325581395
7,8,FALSE,0.17165354330708663
1,9,FALSE,0.11219512195121951
10,9,FALSE,0.7790322580645161
11,9,FALSE,0.1270358306188925
12,9,FALSE,0.14217252396166133
13,9,FALSE,0.6211382113821138
14,9,FALSE,0.11908646003262642
15,9,FALSE,0.12995245641838352
16,9,FALSE,0.6962025316455697
17,9,FALSE,0.11251980982567353
18,9,TRUE,0.8247588424437299
19,9,FALSE,0.15422885572139303
2,9,FALSE,0.740983606557377
20,9,TRUE,1
21,9,FALSE,0
22,9,FALSE,0.7044728434504792
23,9,FALSE,0.5255354200988468
24,9,TRUE,0.8713826366559485
25,9,FALSE,0.08099173553719008
3,9,FALSE,0
4,9,FALSE,0.1178343949044586
5,9,FALSE,0
6,9,FALSE,0.1414790996784566
7,9,FALSE,0.18009478672985782
8,9,FALSE,0.7071197411003236
