iteration,baseline_cluster,Jaccard
1,1,0.5333333333333333
1,2,0.36363636363636365
1,3,1
2,1,0.9375
2,2,0.75
2,3,1
3,1,1
3,2,0.5714285714285714
3,3,0.5
4,1,1
4,2,1
4,3,1
5,1,0.7894736842105263
5,2,0.21052631578947367
5,3,0.8333333333333334
6,1,0.5333333333333333
6,2,0.3076923076923077
6,3,0.6666666666666666
7,1,0.8333333333333334
7,2,0.75
7,3,0.6666666666666666
8,1,0.8666666666666667
8,2,0.6666666666666666
8,3,1
9,1,0.8823529411764706
9,2,1
9,3,0.6666666666666666
10,1,0.9333333333333333
10,2,0.8
10,3,1
11,1,0.9375
11,2,0.75
11,3,1
12,1,0.6666666666666666
12,2,0.4444444444444444
12,3,1
13,1,0.7894736842105263
13,2,0.75
13,3,0.5
14,1,0.9375
14,2,0.75
14,3,1
15,1,0.9375
15,2,0.75
15,3,1
16,1,1
16,2,0.5714285714285714
16,3,0.5
17,1,0.9375
17,2,0.75
17,3,1
18,1,0.6666666666666666
18,2,0.4444444444444444
18,3,1
19,1,0.9333333333333333
19,2,0.8
19,3,1
20,1,0.5333333333333333
20,2,0.3076923076923077
20,3,0.6666666666666666
21,1,0.8333333333333334
21,2,0.15789473684210525
21,3,0.7142857142857143
22,1,0.6
22,2,0.4
22,3,1
23,1,0.7894736842105263
23,2,0.21052631578947367
23,3,0.8333333333333334
24,1,0.5333333333333333
24,2,0.36363636363636365
24,3,1
25,1,0.7894736842105263
25,2,0.75
25,3,0.5
26,1,0.6666666666666666
26,2,0.4444444444444444
26,3,1
27,1,0.8823529411764706
27,2,1
27,3,0.6666666666666666
28,1,0.5333333333333333
28,2,0.3076923076923077
28,3,0.6666666666666666
29,1,0.9375
29,2,0.75
29,3,1
30,1,1
30,2,1
30,3,1
31,1,0.9375
31,2,0.75
31,3,1
32,1,0.8823529411764706
32,2,0.75
32,3,0.8333333333333334
33,1,0.9375
33,2,0.75
33,3,1
34,1,0.9375
34,2,0.75
34,3,1
35,1,0.8823529411764706
35,2,0.8
35,3,0.5
36,1,0.6
36,2,0.3333333333333333
36,3,0.6666666666666666
37,1,1
37,2,0.8
37,3,0.8333333333333334
38,1,0.9333333333333333
38,2,0.8
38,3,1
39,1,0.75
39,2,0.5
39,3,0.5
40,1,0.9375
40,2,0.75
40,3,1
41,1,0.4666666666666667
41,2,0.3333333333333333
41,3,1
42,1,0.6666666666666666
42,2,0.36363636363636365
42,3,0.6666666666666666
43,1,0.8823529411764706
43,2,0.2222222222222222
43,3,0.625
44,1,0.5333333333333333
44,2,0.36363636363636365
44,3,1
45,1,0.9333333333333333
45,2,0.8
45,3,1
46,1,1
46,2,1
46,3,1
47,1,0.9375
47,2,0.75
47,3,1
48,1,0.6
48,2,0.4
48,3,1
49,1,0.6666666666666666
49,2,0.4444444444444444
49,3,1
50,1,0.7894736842105263
50,2,0.75
50,3,0.5
51,1,0.5333333333333333
51,2,0.3076923076923077
51,3,0.6666666666666666
52,1,0.6666666666666666
52,2,0.3333333333333333
52,3,0.5
53,1,0.6666666666666666
53,2,0.4444444444444444
53,3,1
54,1,0.9375
54,2,0.75
54,3,1
55,1,0.7894736842105263
55,2,0.21052631578947367
55,3,0.8333333333333334
56,1,0.9375
56,2,0.75
56,3,1
57,1,0.6666666666666666
57,2,0.4444444444444444
57,3,1
58,1,0.6
58,2,0.3076923076923077
58,3,0.5
59,1,0.9375
59,2,0.75
59,3,1
60,1,1
60,2,1
60,3,1
61,1,0.8125
61,2,0.5714285714285714
61,3,0.6666666666666666
62,1,0.6
62,2,0.4
62,3,1
63,1,0.9375
63,2,0.6666666666666666
63,3,0.5
64,1,0.6
64,2,0.3333333333333333
64,3,0.6666666666666666
65,1,1
65,2,1
65,3,1
66,1,1
66,2,1
66,3,1
67,1,0.8823529411764706
67,2,0.2222222222222222
67,3,0.625
68,1,0.625
68,2,0.4
68,3,0.6666666666666666
69,1,0.6666666666666666
69,2,0.4444444444444444
69,3,1
70,1,0.6
70,2,0.4
70,3,1
71,1,1
71,2,1
71,3,1
72,1,0.5333333333333333
72,2,0.36363636363636365
72,3,1
73,1,0.8666666666666667
73,2,0.4444444444444444
73,3,0.5
74,1,1
74,2,1
74,3,1
75,1,0.8823529411764706
75,2,1
75,3,0.6666666666666666
76,1,0.8823529411764706
76,2,0.2222222222222222
76,3,0.625
77,1,0.8
77,2,0.5714285714285714
77,3,1
78,1,1
78,2,1
78,3,1
79,1,0.8823529411764706
79,2,0.2857142857142857
79,3,0.5
80,1,0.5333333333333333
80,2,0.36363636363636365
80,3,1
81,1,1
81,2,1
81,3,1
82,1,0.6666666666666666
82,2,0.4444444444444444
82,3,1
83,1,0.5333333333333333
83,2,0.2857142857142857
83,3,0.5
84,1,0.8333333333333334
84,2,0.15789473684210525
84,3,0.5
85,1,0.5263157894736842
85,2,0.2857142857142857
85,3,1
86,1,0.6666666666666666
86,2,0.4444444444444444
86,3,1
87,1,0.6666666666666666
87,2,0.4444444444444444
87,3,1
88,1,0.8823529411764706
88,2,0.5
88,3,1
89,1,1
89,2,1
89,3,1
90,1,1
90,2,1
90,3,1
91,1,0.8
91,2,0.5
91,3,0.8333333333333334
92,1,0.7894736842105263
92,2,0.21052631578947367
92,3,0.8333333333333334
93,1,1
93,2,0.8
93,3,0.8333333333333334
94,1,0.6666666666666666
94,2,0.36363636363636365
94,3,0.6666666666666666
95,1,0.5333333333333333
95,2,0.36363636363636365
95,3,1
96,1,0.8333333333333334
96,2,0.75
96,3,0.6666666666666666
97,1,0.8
97,2,0.5714285714285714
97,3,1
98,1,0.7333333333333333
98,2,0.5
98,3,1
99,1,0.6666666666666666
99,2,0.4444444444444444
99,3,1
100,1,1
100,2,1
100,3,1
101,1,0.8333333333333334
101,2,0.6
101,3,0.5
102,1,1
102,2,1
102,3,1
103,1,0.9375
103,2,0.75
103,3,1
104,1,0.6
104,2,0.36363636363636365
104,3,0.8333333333333334
105,1,0.6666666666666666
105,2,0.4444444444444444
105,3,1
106,1,1
106,2,1
106,3,1
107,1,0.4666666666666667
107,2,0.26666666666666666
107,3,0.5
108,1,0.6666666666666666
108,2,0.3333333333333333
108,3,0.5
109,1,0.5333333333333333
109,2,0.36363636363636365
109,3,1
110,1,0.9375
110,2,0.75
110,3,1
111,1,0.5333333333333333
111,2,0.3076923076923077
111,3,0.6666666666666666
112,1,0.6666666666666666
112,2,0.3333333333333333
112,3,0.5
113,1,0.8
113,2,0.5714285714285714
113,3,1
114,1,0.7333333333333333
114,2,0.36363636363636365
114,3,0.5
115,1,0.6666666666666666
115,2,0.3333333333333333
115,3,0.5
116,1,0.9333333333333333
116,2,0.8
116,3,1
117,1,0.7894736842105263
117,2,0.21052631578947367
117,3,0.8333333333333334
118,1,0.7894736842105263
118,2,0.21052631578947367
118,3,0.8333333333333334
119,1,0.9375
119,2,0.75
119,3,1
120,1,0.9375
120,2,0.75
120,3,1
121,1,1
121,2,1
121,3,1
122,1,0.8823529411764706
122,2,0.2857142857142857
122,3,0.5
123,1,0.8666666666666667
123,2,0.6666666666666666
123,3,1
124,1,0.6666666666666666
124,2,0.4444444444444444
124,3,1
125,1,0.9333333333333333
125,2,0.4
125,3,0.45454545454545453
126,1,0.6
126,2,0.4
126,3,1
127,1,0.625
127,2,0.36363636363636365
127,3,0.5
128,1,0.5333333333333333
128,2,0.36363636363636365
128,3,1
129,1,1
129,2,1
129,3,1
130,1,0.5333333333333333
130,2,0.36363636363636365
130,3,1
131,1,0.9375
131,2,0.75
131,3,1
132,1,0.5333333333333333
132,2,0.3076923076923077
132,3,0.6666666666666666
133,1,1
133,2,1
133,3,1
134,1,0.8823529411764706
134,2,0.2222222222222222
134,3,0.625
135,1,0.9375
135,2,0.75
135,3,1
136,1,0.8823529411764706
136,2,0.75
136,3,0.8333333333333334
137,1,0.8823529411764706
137,2,1
137,3,0.6666666666666666
138,1,0.6666666666666666
138,2,0.4444444444444444
138,3,1
139,1,0.7333333333333333
139,2,0.36363636363636365
139,3,0.5
140,1,0.8823529411764706
140,2,0.2222222222222222
140,3,0.625
141,1,0.8666666666666667
141,2,0.5714285714285714
141,3,0.8333333333333334
142,1,0.5333333333333333
142,2,0.2857142857142857
142,3,0.5
143,1,0.5333333333333333
143,2,0.36363636363636365
143,3,1
144,1,0.5333333333333333
144,2,0.2857142857142857
144,3,0.5
145,1,0.6666666666666666
145,2,0.4444444444444444
145,3,1
146,1,0.7333333333333333
146,2,0.4444444444444444
146,3,0.8333333333333334
147,1,1
147,2,1
147,3,1
148,1,0.6
148,2,0.36363636363636365
148,3,0.8333333333333334
149,1,1
149,2,1
149,3,1
150,1,0.5333333333333333
150,2,0.2727272727272727
150,3,0.8571428571428571
151,1,1
151,2,1
151,3,1
152,1,1
152,2,1
152,3,1
153,1,0.5333333333333333
153,2,0.36363636363636365
153,3,1
154,1,1
154,2,1
154,3,1
155,1,1
155,2,1
155,3,1
156,1,0.8333333333333334
156,2,0.75
156,3,0.6666666666666666
157,1,1
157,2,1
157,3,1
158,1,0.9333333333333333
158,2,0.8
158,3,1
159,1,0.8333333333333334
159,2,0.15789473684210525
159,3,0.7142857142857143
160,1,0.6666666666666666
160,2,0.3333333333333333
160,3,0.5
161,1,0.8823529411764706
161,2,1
161,3,0.6666666666666666
162,1,0.8823529411764706
162,2,0.25
162,3,0.5
163,1,0.8235294117647058
163,2,0.8
163,3,0.6666666666666666
164,1,0.6666666666666666
164,2,0.36363636363636365
164,3,0.6666666666666666
165,1,0.5333333333333333
165,2,0.36363636363636365
165,3,1
166,1,0.7894736842105263
166,2,0.21052631578947367
166,3,0.8333333333333334
167,1,0.5333333333333333
167,2,0.36363636363636365
167,3,1
168,1,0.5333333333333333
168,2,0.36363636363636365
168,3,1
169,1,0.8823529411764706
169,2,0.2222222222222222
169,3,0.625
170,1,1
170,2,1
170,3,1
171,1,0.6
171,2,0.4
171,3,1
172,1,1
172,2,1
172,3,1
173,1,0.8823529411764706
173,2,0.2857142857142857
173,3,0.5
174,1,0.8666666666666667
174,2,0.4444444444444444
174,3,0.5
175,1,0.9375
175,2,0.75
175,3,1
176,1,0.9375
176,2,0.8
176,3,0.6666666666666666
177,1,0.5333333333333333
177,2,0.2857142857142857
177,3,0.5
178,1,0.9375
178,2,0.75
178,3,1
179,1,0.9375
179,2,1
179,3,0.8333333333333334
180,1,0.5333333333333333
180,2,0.2857142857142857
180,3,0.5
181,1,0.9375
181,2,0.75
181,3,1
182,1,0.6666666666666666
182,2,0.4444444444444444
182,3,1
183,1,0.6
183,2,0.3076923076923077
183,3,0.5
184,1,0.7333333333333333
184,2,0.3076923076923077
184,3,0.35714285714285715
185,1,0.6666666666666666
185,2,0.4444444444444444
185,3,1
186,1,0.7333333333333333
186,2,0.36363636363636365
186,3,0.5
187,1,0.6666666666666666
187,2,0.4444444444444444
187,3,1
188,1,0.5333333333333333
188,2,0.2857142857142857
188,3,0.5
189,1,1
189,2,1
189,3,1
190,1,0.5333333333333333
190,2,0.36363636363636365
190,3,1
191,1,0.5333333333333333
191,2,0.2857142857142857
191,3,0.5
192,1,0.9375
192,2,0.8
192,3,0.6666666666666666
193,1,0.6
193,2,0.4
193,3,1
194,1,0.6666666666666666
194,2,0.4444444444444444
194,3,1
195,1,0.9375
195,2,0.75
195,3,1
196,1,0.8333333333333334
196,2,0.75
196,3,0.6666666666666666
197,1,0.6
197,2,0.3333333333333333
197,3,0.6666666666666666
198,1,0.631578947368421
198,2,0.25
198,3,1
199,1,0.7333333333333333
199,2,0.5
199,3,1
200,1,0.6666666666666666
200,2,0.3333333333333333
200,3,0.5
201,1,0.6
201,2,0.4
201,3,1
202,1,0.5333333333333333
202,2,0.36363636363636365
202,3,1
203,1,1
203,2,1
203,3,1
204,1,0.5333333333333333
204,2,0.36363636363636365
204,3,1
205,1,0.6
205,2,0.4
205,3,1
206,1,0.6666666666666666
206,2,0.4444444444444444
206,3,1
207,1,1
207,2,1
207,3,1
208,1,0.6
208,2,0.3076923076923077
208,3,0.5
209,1,0.6666666666666666
209,2,0.4444444444444444
209,3,1
210,1,0.6
210,2,0.3076923076923077
210,3,0.5
211,1,1
211,2,0.5714285714285714
211,3,0.5
212,1,0.8823529411764706
212,2,0.2857142857142857
212,3,0.5
213,1,0.7333333333333333
213,2,0.36363636363636365
213,3,0.5
214,1,1
214,2,1
214,3,1
215,1,0.6
215,2,0.3076923076923077
215,3,0.5
216,1,0.6
216,2,0.4
216,3,1
217,1,0.7333333333333333
217,2,0.4
217,3,0.6666666666666666
218,1,0.6666666666666666
218,2,0.4
218,3,0.8333333333333334
219,1,0.6
219,2,0.3076923076923077
219,3,0.5
220,1,0.5333333333333333
220,2,0.3076923076923077
220,3,0.6666666666666666
221,1,0.9375
221,2,0.75
221,3,1
222,1,0.6
222,2,0.3076923076923077
222,3,0.5
223,1,0.6
223,2,0.4
223,3,1
224,1,0.6
224,2,0.3076923076923077
224,3,0.5
225,1,0.9375
225,2,0.75
225,3,1
226,1,0.8235294117647058
226,2,0.8
226,3,0.6666666666666666
227,1,1
227,2,0.4444444444444444
227,3,0.5
228,1,0.8823529411764706
228,2,0.2222222222222222
228,3,0.625
229,1,0.6
229,2,0.3076923076923077
229,3,0.5
230,1,0.5333333333333333
230,2,0.36363636363636365
230,3,1
231,1,0.5333333333333333
231,2,0.2857142857142857
231,3,0.5
232,1,0.8823529411764706
232,2,0.2857142857142857
232,3,0.5
233,1,0.6
233,2,0.3076923076923077
233,3,0.5
234,1,0.5333333333333333
234,2,0.3076923076923077
234,3,0.6666666666666666
235,1,0.9375
235,2,0.75
235,3,1
236,1,0.9375
236,2,0.6666666666666666
236,3,0.5
237,1,1
237,2,1
237,3,1
238,1,1
238,2,1
238,3,1
239,1,0.5333333333333333
239,2,0.3076923076923077
239,3,0.6666666666666666
240,1,0.9375
240,2,0.75
240,3,1
241,1,0.8823529411764706
241,2,0.2222222222222222
241,3,0.625
242,1,0.9375
242,2,0.75
242,3,1
243,1,0.9333333333333333
243,2,0.8
243,3,1
244,1,1
244,2,1
244,3,1
245,1,0.6666666666666666
245,2,0.3333333333333333
245,3,0.5
246,1,0.8333333333333334
246,2,0.15789473684210525
246,3,0.5
247,1,0.8823529411764706
247,2,0.5
247,3,1
248,1,0.5333333333333333
248,2,0.2857142857142857
248,3,0.5
249,1,1
249,2,1
249,3,1
250,1,0.6666666666666666
250,2,0.4444444444444444
250,3,1
251,1,1
251,2,1
251,3,1
252,1,0.6666666666666666
252,2,0.4444444444444444
252,3,1
253,1,0.5333333333333333
253,2,0.36363636363636365
253,3,1
254,1,1
254,2,1
254,3,1
255,1,0.6666666666666666
255,2,0.4444444444444444
255,3,1
256,1,0.5333333333333333
256,2,0.36363636363636365
256,3,1
257,1,0.6666666666666666
257,2,0.4444444444444444
257,3,1
258,1,0.6666666666666666
258,2,0.3333333333333333
258,3,0.5
259,1,0.6666666666666666
259,2,0.4444444444444444
259,3,1
260,1,0.5333333333333333
260,2,0.36363636363636365
260,3,1
261,1,0.6
261,2,0.4
261,3,1
262,1,0.9375
262,2,0.75
262,3,1
263,1,0.8333333333333334
263,2,0.75
263,3,0.6666666666666666
264,1,0.9375
264,2,0.8
264,3,0.6666666666666666
265,1,0.6
265,2,0.3333333333333333
265,3,0.6666666666666666
266,1,1
266,2,1
266,3,1
267,1,0.7894736842105263
267,2,0.21052631578947367
267,3,0.8333333333333334
268,1,1
268,2,1
268,3,1
269,1,0.5333333333333333
269,2,0.2857142857142857
269,3,0.5
270,1,1
270,2,1
270,3,1
271,1,0.8666666666666667
271,2,0.6666666666666666
271,3,1
272,1,0.9375
272,2,1
272,3,0.8333333333333334
273,1,0.8823529411764706
273,2,0.75
273,3,0.8333333333333334
274,1,0.7894736842105263
274,2,0.75
274,3,0.5
275,1,0.5333333333333333
275,2,0.3333333333333333
275,3,0.8333333333333334
276,1,0.8823529411764706
276,2,0.2857142857142857
276,3,0.5
277,1,0.6
277,2,0.3333333333333333
277,3,0.6666666666666666
278,1,0.6
278,2,0.3076923076923077
278,3,0.5
279,1,0.6
279,2,0.26666666666666666
279,3,0.3125
280,1,0.8823529411764706
280,2,0.2857142857142857
280,3,0.5
281,1,0.5333333333333333
281,2,0.36363636363636365
281,3,1
282,1,0.5333333333333333
282,2,0.2857142857142857
282,3,0.5
283,1,1
283,2,1
283,3,1
284,1,1
284,2,1
284,3,1
285,1,0.6
285,2,0.4
285,3,1
286,1,0.9375
286,2,0.75
286,3,1
287,1,0.5333333333333333
287,2,0.36363636363636365
287,3,1
288,1,1
288,2,1
288,3,1
289,1,0.6
289,2,0.3076923076923077
289,3,0.5
290,1,0.5333333333333333
290,2,0.36363636363636365
290,3,1
291,1,0.9375
291,2,0.75
291,3,1
292,1,0.5333333333333333
292,2,0.36363636363636365
292,3,1
293,1,0.5333333333333333
293,2,0.3076923076923077
293,3,0.6666666666666666
294,1,0.6
294,2,0.4
294,3,1
295,1,0.8823529411764706
295,2,0.2222222222222222
295,3,0.625
296,1,0.7142857142857143
296,2,0.19047619047619047
296,3,0.5
297,1,1
297,2,1
297,3,1
298,1,0.47619047619047616
298,2,0.25
298,3,0.6666666666666666
299,1,0.8823529411764706
299,2,0.8
299,3,0.5
300,1,0.5333333333333333
300,2,0.2857142857142857
300,3,0.5
301,1,0.6
301,2,0.3076923076923077
301,3,0.5
302,1,0.8823529411764706
302,2,0.2857142857142857
302,3,0.5
303,1,0.6
303,2,0.3076923076923077
303,3,0.5
304,1,1
304,2,1
304,3,1
305,1,0.6
305,2,0.36363636363636365
305,3,0.8333333333333334
306,1,1
306,2,1
306,3,1
307,1,1
307,2,1
307,3,1
308,1,0.6
308,2,0.3333333333333333
308,3,0.6666666666666666
309,1,1
309,2,1
309,3,1
310,1,0.9333333333333333
310,2,0.8
310,3,1
311,1,0.8823529411764706
311,2,0.8
311,3,0.5
312,1,1
312,2,1
312,3,1
313,1,0.6666666666666666
313,2,0.36363636363636365
313,3,0.6666666666666666
314,1,0.9375
314,2,0.75
314,3,1
315,1,0.6666666666666666
315,2,0.4444444444444444
315,3,1
316,1,0.7333333333333333
316,2,0.5
316,3,1
317,1,0.9375
317,2,0.3333333333333333
317,3,0.5555555555555556
318,1,1
318,2,1
318,3,1
319,1,0.6
319,2,0.4
319,3,1
320,1,1
320,2,1
320,3,1
321,1,0.8823529411764706
321,2,0.2857142857142857
321,3,0.5
322,1,0.6666666666666666
322,2,0.4444444444444444
322,3,1
323,1,0.5333333333333333
323,2,0.2
323,3,0.75
324,1,1
324,2,0.8
324,3,0.8333333333333334
325,1,0.5333333333333333
325,2,0.3076923076923077
325,3,0.6666666666666666
326,1,0.9375
326,2,0.75
326,3,1
327,1,0.8
327,2,0.4
327,3,0.5
328,1,1
328,2,1
328,3,1
329,1,0.9375
329,2,0.42857142857142855
329,3,0.5
330,1,0.6
330,2,0.4
330,3,1
331,1,0.6666666666666666
331,2,0.3333333333333333
331,3,0.5
332,1,1
332,2,1
332,3,1
333,1,1
333,2,1
333,3,1
334,1,0.6666666666666666
334,2,0.3333333333333333
334,3,0.5
335,1,0.5333333333333333
335,2,0.36363636363636365
335,3,1
336,1,0.9375
336,2,0.6666666666666666
336,3,0.5
337,1,0.9375
337,2,0.3333333333333333
337,3,0.5555555555555556
338,1,0.8823529411764706
338,2,0.2222222222222222
338,3,0.625
339,1,0.5333333333333333
339,2,0.36363636363636365
339,3,1
340,1,0.6
340,2,0.3333333333333333
340,3,0.6666666666666666
341,1,0.8333333333333334
341,2,0.75
341,3,0.6666666666666666
342,1,0.47058823529411764
342,2,0.5
342,3,0.4
343,1,0.6
343,2,0.36363636363636365
343,3,0.8333333333333334
344,1,0.6
344,2,0.3076923076923077
344,3,0.5
345,1,0.6
345,2,0.3
345,3,0.6666666666666666
346,1,0.9375
346,2,0.75
346,3,1
347,1,0.5333333333333333
347,2,0.2857142857142857
347,3,0.5
348,1,0.7894736842105263
348,2,0.21052631578947367
348,3,0.8333333333333334
349,1,0.7333333333333333
349,2,0.36363636363636365
349,3,0.5
350,1,1
350,2,0.5714285714285714
350,3,0.5
351,1,0.9333333333333333
351,2,0.6666666666666666
351,3,0.8333333333333334
352,1,0.8823529411764706
352,2,1
352,3,0.6666666666666666
353,1,1
353,2,1
353,3,1
354,1,0.7894736842105263
354,2,0.21052631578947367
354,3,0.8333333333333334
355,1,0.6
355,2,0.3076923076923077
355,3,0.5
356,1,1
356,2,1
356,3,1
357,1,1
357,2,1
357,3,1
358,1,0.5333333333333333
358,2,0.36363636363636365
358,3,1
359,1,0.9375
359,2,0.75
359,3,1
360,1,0.5333333333333333
360,2,0.36363636363636365
360,3,1
361,1,0.6
361,2,0.4
361,3,1
362,1,0.5333333333333333
362,2,0.2
362,3,0.75
363,1,0.8823529411764706
363,2,0.5
363,3,1
364,1,0.7333333333333333
364,2,0.5
364,3,1
365,1,0.9375
365,2,0.8
365,3,0.6666666666666666
366,1,0.5333333333333333
366,2,0.36363636363636365
366,3,1
367,1,0.6
367,2,0.3333333333333333
367,3,0.6666666666666666
368,1,0.7333333333333333
368,2,0.5
368,3,1
369,1,1
369,2,1
369,3,1
370,1,0.5294117647058824
370,2,0.5
370,3,0.2857142857142857
371,1,0.8823529411764706
371,2,0.75
371,3,0.8333333333333334
372,1,0.8823529411764706
372,2,0.2857142857142857
372,3,0.5
373,1,0.6
373,2,0.4
373,3,1
374,1,0.6666666666666666
374,2,0.4444444444444444
374,3,1
375,1,1
375,2,0.5714285714285714
375,3,0.5
376,1,0.8823529411764706
376,2,0.2222222222222222
376,3,0.625
377,1,0.5333333333333333
377,2,0.36363636363636365
377,3,1
378,1,0.6
378,2,0.4
378,3,1
379,1,1
379,2,0.5
379,3,0.4
380,1,0.7894736842105263
380,2,0.21052631578947367
380,3,0.8333333333333334
381,1,0.6
381,2,0.4
381,3,1
382,1,0.7894736842105263
382,2,0.21052631578947367
382,3,0.8333333333333334
383,1,0.5333333333333333
383,2,0.36363636363636365
383,3,1
384,1,0.6
384,2,0.36363636363636365
384,3,0.8333333333333334
385,1,0.7142857142857143
385,2,0.19047619047619047
385,3,0.5
386,1,0.9375
386,2,0.75
386,3,1
387,1,0.9375
387,2,0.75
387,3,1
388,1,1
388,2,1
388,3,1
389,1,0.6
389,2,0.4
389,3,1
390,1,0.7894736842105263
390,2,0.21052631578947367
390,3,0.8333333333333334
391,1,0.5555555555555556
391,2,0.4444444444444444
391,3,0.5
392,1,0.7333333333333333
392,2,0.5
392,3,1
393,1,1
393,2,1
393,3,1
394,1,0.6
394,2,0.4
394,3,1
395,1,1
395,2,0.6666666666666666
395,3,0.6666666666666666
396,1,1
396,2,1
396,3,1
397,1,0.5333333333333333
397,2,0.2727272727272727
397,3,0.8571428571428571
398,1,0.8823529411764706
398,2,0.2222222222222222
398,3,0.625
399,1,0.7368421052631579
399,2,0.8
399,3,0.3333333333333333
400,1,0.47619047619047616
400,2,0.25
400,3,0.6666666666666666
401,1,1
401,2,1
401,3,1
402,1,1
402,2,0.5714285714285714
402,3,0.5
403,1,1
403,2,0.8
403,3,0.8333333333333334
404,1,1
404,2,1
404,3,1
405,1,1
405,2,1
405,3,1
406,1,0.8333333333333334
406,2,0.75
406,3,0.6666666666666666
407,1,0.8666666666666667
407,2,0.36363636363636365
407,3,0.4166666666666667
408,1,0.6666666666666666
408,2,0.4444444444444444
408,3,1
409,1,0.6666666666666666
409,2,0.4444444444444444
409,3,1
410,1,0.6666666666666666
410,2,0.4444444444444444
410,3,1
411,1,0.5333333333333333
411,2,0.36363636363636365
411,3,1
412,1,0.9375
412,2,0.75
412,3,1
413,1,0.5333333333333333
413,2,0.36363636363636365
413,3,1
414,1,0.9375
414,2,0.8
414,3,0.6666666666666666
415,1,0.75
415,2,0.2
415,3,0.6666666666666666
416,1,0.5333333333333333
416,2,0.3076923076923077
416,3,0.6666666666666666
417,1,0.7894736842105263
417,2,0.21052631578947367
417,3,0.8333333333333334
418,1,0.6
418,2,0.36363636363636365
418,3,0.8333333333333334
419,1,0.8235294117647058
419,2,0.8
419,3,0.6666666666666666
420,1,0.7894736842105263
420,2,0.21052631578947367
420,3,0.8333333333333334
421,1,0.9375
421,2,0.75
421,3,1
422,1,0.5333333333333333
422,2,0.36363636363636365
422,3,1
423,1,1
423,2,0.4444444444444444
423,3,0.5
424,1,0.5333333333333333
424,2,0.2727272727272727
424,3,0.8571428571428571
425,1,1
425,2,1
425,3,1
426,1,0.5333333333333333
426,2,0.2857142857142857
426,3,0.5
427,1,0.6
427,2,0.3076923076923077
427,3,0.5
428,1,1
428,2,1
428,3,1
429,1,0.9333333333333333
429,2,0.8
429,3,1
430,1,0.5333333333333333
430,2,0.36363636363636365
430,3,1
431,1,0.6
431,2,0.2
431,3,0.75
432,1,1
432,2,1
432,3,1
433,1,0.875
433,2,0.6666666666666666
433,3,0.6666666666666666
434,1,0.5333333333333333
434,2,0.2857142857142857
434,3,0.5
435,1,0.47368421052631576
435,2,0.3076923076923077
435,3,1
436,1,0.5333333333333333
436,2,0.36363636363636365
436,3,1
437,1,0.7142857142857143
437,2,0.19047619047619047
437,3,0.5
438,1,0.5333333333333333
438,2,0.36363636363636365
438,3,1
439,1,0.6
439,2,0.3333333333333333
439,3,0.6666666666666666
440,1,0.8
440,2,0.5714285714285714
440,3,1
441,1,0.6
441,2,0.4
441,3,1
442,1,0.7894736842105263
442,2,0.21052631578947367
442,3,0.8333333333333334
443,1,0.7894736842105263
443,2,0.21052631578947367
443,3,0.8333333333333334
444,1,1
444,2,0.5714285714285714
444,3,0.5
445,1,0.5333333333333333
445,2,0.36363636363636365
445,3,1
446,1,1
446,2,1
446,3,1
447,1,0.5333333333333333
447,2,0.3076923076923077
447,3,0.6666666666666666
448,1,0.9375
448,2,0.75
448,3,1
449,1,0.5333333333333333
449,2,0.36363636363636365
449,3,1
450,1,0.9375
450,2,0.3333333333333333
450,3,0.5555555555555556
451,1,0.6666666666666666
451,2,0.4444444444444444
451,3,1
452,1,0.7894736842105263
452,2,0.21052631578947367
452,3,0.8333333333333334
453,1,1
453,2,1
453,3,1
454,1,0.47058823529411764
454,2,0.5714285714285714
454,3,0.3
455,1,0.6666666666666666
455,2,0.4444444444444444
455,3,1
456,1,0.5333333333333333
456,2,0.3076923076923077
456,3,0.6666666666666666
457,1,0.6
457,2,0.3076923076923077
457,3,0.5
458,1,0.7333333333333333
458,2,0.5
458,3,1
459,1,0.9333333333333333
459,2,0.8
459,3,1
460,1,0.9375
460,2,0.75
460,3,1
461,1,1
461,2,1
461,3,1
462,1,0.8
462,2,0.4
462,3,0.5
463,1,0.6
463,2,0.36363636363636365
463,3,0.8333333333333334
464,1,0.4666666666666667
464,2,0.26666666666666666
464,3,0.5
465,1,0.8823529411764706
465,2,0.2222222222222222
465,3,0.625
466,1,0.5333333333333333
466,2,0.36363636363636365
466,3,1
467,1,0.9375
467,2,0.75
467,3,1
468,1,0.7777777777777778
468,2,0.16666666666666666
468,3,0.8571428571428571
469,1,1
469,2,1
469,3,1
470,1,0.5333333333333333
470,2,0.36363636363636365
470,3,1
471,1,1
471,2,1
471,3,1
472,1,0.8823529411764706
472,2,0.2222222222222222
472,3,0.625
473,1,0.5333333333333333
473,2,0.36363636363636365
473,3,1
474,1,0.6
474,2,0.36363636363636365
474,3,0.8333333333333334
475,1,1
475,2,1
475,3,1
476,1,0.6
476,2,0.4
476,3,1
477,1,0.5333333333333333
477,2,0.3076923076923077
477,3,0.6666666666666666
478,1,0.8333333333333334
478,2,0.15789473684210525
478,3,0.5
479,1,0.7894736842105263
479,2,0.21052631578947367
479,3,0.8333333333333334
480,1,0.6
480,2,0.4
480,3,1
481,1,1
481,2,1
481,3,1
482,1,0.5333333333333333
482,2,0.2857142857142857
482,3,0.5
483,1,1
483,2,1
483,3,1
484,1,1
484,2,0.5714285714285714
484,3,0.5
485,1,0.5333333333333333
485,2,0.36363636363636365
485,3,1
486,1,1
486,2,1
486,3,1
487,1,0.9375
487,2,0.75
487,3,1
488,1,0.9375
488,2,0.75
488,3,1
489,1,0.8333333333333334
489,2,0.6
489,3,0.5
490,1,0.7333333333333333
490,2,0.5
490,3,1
491,1,0.7894736842105263
491,2,0.21052631578947367
491,3,0.8333333333333334
492,1,0.6
492,2,0.3076923076923077
492,3,0.5
493,1,0.6666666666666666
493,2,0.4444444444444444
493,3,1
494,1,0.6666666666666666
494,2,0.3333333333333333
494,3,0.5
495,1,0.6666666666666666
495,2,0.4
495,3,0.8333333333333334
496,1,0.6666666666666666
496,2,0.36363636363636365
496,3,0.6666666666666666
497,1,0.6666666666666666
497,2,0.3333333333333333
497,3,0.5
498,1,0.8823529411764706
498,2,0.2857142857142857
498,3,0.5
499,1,0.9375
499,2,0.42857142857142855
499,3,0.5
500,1,0.6
500,2,0.4
500,3,1
501,1,0.8823529411764706
501,2,1
501,3,0.6666666666666666
502,1,0.6
502,2,0.26666666666666666
502,3,0.3125
503,1,0.8333333333333334
503,2,0.75
503,3,0.6666666666666666
504,1,0.6666666666666666
504,2,0.4444444444444444
504,3,1
505,1,1
505,2,1
505,3,1
506,1,0.5333333333333333
506,2,0.36363636363636365
506,3,1
507,1,0.9333333333333333
507,2,0.8
507,3,1
508,1,1
508,2,1
508,3,1
509,1,0.8
509,2,0.5714285714285714
509,3,1
510,1,0.6
510,2,0.3076923076923077
510,3,0.5
511,1,0.8333333333333334
511,2,0.15789473684210525
511,3,0.7142857142857143
512,1,0.6
512,2,0.4
512,3,1
513,1,0.5333333333333333
513,2,0.3333333333333333
513,3,0.8333333333333334
514,1,0.8333333333333334
514,2,0.75
514,3,0.6666666666666666
515,1,0.5333333333333333
515,2,0.36363636363636365
515,3,1
516,1,0.6666666666666666
516,2,0.4444444444444444
516,3,1
517,1,0.9375
517,2,0.8
517,3,0.6666666666666666
518,1,0.6666666666666666
518,2,0.4444444444444444
518,3,1
519,1,0.6
519,2,0.3076923076923077
519,3,0.5
520,1,0.5333333333333333
520,2,0.36363636363636365
520,3,1
521,1,0.7894736842105263
521,2,0.21052631578947367
521,3,0.8333333333333334
522,1,1
522,2,1
522,3,1
523,1,0.6666666666666666
523,2,0.4444444444444444
523,3,1
524,1,0.6
524,2,0.3076923076923077
524,3,0.5
525,1,0.6666666666666666
525,2,0.4
525,3,0.8333333333333334
526,1,0.8823529411764706
526,2,0.2222222222222222
526,3,0.625
527,1,0.9375
527,2,0.75
527,3,1
528,1,1
528,2,1
528,3,1
529,1,0.6666666666666666
529,2,0.36363636363636365
529,3,0.6666666666666666
530,1,1
530,2,1
530,3,1
531,1,1
531,2,1
531,3,1
532,1,0.9375
532,2,0.75
532,3,1
533,1,0.6666666666666666
533,2,0.4444444444444444
533,3,1
534,1,0.9375
534,2,0.75
534,3,1
535,1,1
535,2,0.5
535,3,0.4
536,1,0.6
536,2,0.3333333333333333
536,3,0.6666666666666666
537,1,0.6
537,2,0.4
537,3,1
538,1,0.6
538,2,0.3333333333333333
538,3,0.6666666666666666
539,1,0.7333333333333333
539,2,0.5
539,3,1
540,1,1
540,2,1
540,3,1
541,1,0.6666666666666666
541,2,0.4444444444444444
541,3,1
542,1,0.5333333333333333
542,2,0.36363636363636365
542,3,1
543,1,1
543,2,1
543,3,1
544,1,0.6666666666666666
544,2,0.3333333333333333
544,3,0.5
545,1,0.6
545,2,0.75
545,3,0.46153846153846156
546,1,0.8823529411764706
546,2,0.5
546,3,1
547,1,0.6
547,2,0.4
547,3,1
548,1,1
548,2,1
548,3,1
549,1,1
549,2,1
549,3,1
550,1,0.5333333333333333
550,2,0.36363636363636365
550,3,1
551,1,0.7333333333333333
551,2,0.36363636363636365
551,3,0.5
552,1,0.9375
552,2,0.75
552,3,1
553,1,0.5333333333333333
553,2,0.36363636363636365
553,3,1
554,1,0.9375
554,2,0.75
554,3,1
555,1,0.6
555,2,0.4
555,3,1
556,1,0.9375
556,2,0.75
556,3,1
557,1,1
557,2,0.8
557,3,0.8333333333333334
558,1,0.9333333333333333
558,2,0.8
558,3,1
559,1,0.6
559,2,0.4
559,3,1
560,1,0.7894736842105263
560,2,0.75
560,3,0.5
561,1,0.5333333333333333
561,2,0.36363636363636365
561,3,1
562,1,1
562,2,1
562,3,1
563,1,0.8823529411764706
563,2,1
563,3,0.6666666666666666
564,1,0.7333333333333333
564,2,0.5
564,3,1
565,1,0.9333333333333333
565,2,0.8
565,3,1
566,1,0.5333333333333333
566,2,0.36363636363636365
566,3,1
567,1,1
567,2,1
567,3,1
568,1,0.9375
568,2,1
568,3,0.8333333333333334
569,1,0.8823529411764706
569,2,0.2222222222222222
569,3,0.625
570,1,0.4666666666666667
570,2,0.2857142857142857
570,3,0.6666666666666666
571,1,1
571,2,1
571,3,1
572,1,0.6666666666666666
572,2,0.4444444444444444
572,3,1
573,1,1
573,2,1
573,3,1
574,1,0.6
574,2,0.4
574,3,1
575,1,0.6
575,2,0.3333333333333333
575,3,0.6666666666666666
576,1,0.7894736842105263
576,2,0.21052631578947367
576,3,0.8333333333333334
577,1,1
577,2,0.5714285714285714
577,3,0.5
578,1,0.9375
578,2,0.75
578,3,1
579,1,0.9333333333333333
579,2,0.8
579,3,1
580,1,0.5333333333333333
580,2,0.36363636363636365
580,3,1
581,1,0.6
581,2,0.3076923076923077
581,3,0.5
582,1,0.6666666666666666
582,2,0.4444444444444444
582,3,1
583,1,1
583,2,1
583,3,1
584,1,0.5333333333333333
584,2,0.5
584,3,0.4
585,1,1
585,2,1
585,3,1
586,1,0.9375
586,2,0.75
586,3,1
587,1,0.6666666666666666
587,2,0.36363636363636365
587,3,0.6666666666666666
588,1,0.5333333333333333
588,2,0.3076923076923077
588,3,0.6666666666666666
589,1,0.631578947368421
589,2,0.25
589,3,1
590,1,0.6
590,2,0.4
590,3,1
591,1,0.9333333333333333
591,2,0.8
591,3,1
592,1,0.9333333333333333
592,2,0.8
592,3,1
593,1,0.6
593,2,0.4
593,3,1
594,1,0.9375
594,2,0.75
594,3,1
595,1,0.6666666666666666
595,2,0.4444444444444444
595,3,1
596,1,0.6
596,2,0.3076923076923077
596,3,0.5
597,1,1
597,2,0.5714285714285714
597,3,0.5
598,1,1
598,2,1
598,3,1
599,1,1
599,2,1
599,3,1
600,1,0.8666666666666667
600,2,1
600,3,0.75
601,1,0.8823529411764706
601,2,0.2222222222222222
601,3,0.625
602,1,0.6
602,2,0.4
602,3,1
603,1,0.9375
603,2,0.75
603,3,1
604,1,0.6
604,2,0.4
604,3,1
605,1,1
605,2,1
605,3,1
606,1,0.9333333333333333
606,2,0.8
606,3,1
607,1,0.6
607,2,0.26666666666666666
607,3,0.3125
608,1,0.875
608,2,0.3
608,3,0.5
609,1,0.7894736842105263
609,2,0.21052631578947367
609,3,0.8333333333333334
610,1,1
610,2,1
610,3,1
611,1,0.9375
611,2,1
611,3,0.8333333333333334
612,1,0.6
612,2,0.36363636363636365
612,3,0.8333333333333334
613,1,0.6666666666666666
613,2,0.4444444444444444
613,3,1
614,1,1
614,2,1
614,3,1
615,1,0.7333333333333333
615,2,0.5
615,3,1
616,1,0.5333333333333333
616,2,0.36363636363636365
616,3,1
617,1,0.9333333333333333
617,2,0.8
617,3,1
618,1,0.9375
618,2,0.75
618,3,1
619,1,0.6
619,2,0.4
619,3,1
620,1,0.6
620,2,0.4
620,3,1
621,1,0.6
621,2,0.4
621,3,1
622,1,0.6
622,2,0.4
622,3,1
623,1,1
623,2,1
623,3,1
624,1,0.9333333333333333
624,2,0.8
624,3,1
625,1,0.5333333333333333
625,2,0.3333333333333333
625,3,0.8333333333333334
626,1,0.6
626,2,0.3333333333333333
626,3,0.6666666666666666
627,1,0.8823529411764706
627,2,1
627,3,0.6666666666666666
628,1,0.9375
628,2,0.75
628,3,1
629,1,0.9375
629,2,0.75
629,3,1
630,1,1
630,2,1
630,3,1
631,1,0.8823529411764706
631,2,0.5
631,3,1
632,1,0.9375
632,2,0.375
632,3,0.4444444444444444
633,1,0.5263157894736842
633,2,0.2857142857142857
633,3,1
634,1,0.6666666666666666
634,2,0.4
634,3,0.8333333333333334
635,1,0.5333333333333333
635,2,0.3076923076923077
635,3,0.6666666666666666
636,1,0.9375
636,2,0.75
636,3,1
637,1,0.6
637,2,0.4
637,3,1
638,1,0.9375
638,2,0.75
638,3,1
639,1,0.6
639,2,0.4
639,3,0.6
640,1,0.9333333333333333
640,2,0.8
640,3,1
641,1,0.8333333333333334
641,2,0.75
641,3,0.6666666666666666
642,1,0.9375
642,2,0.75
642,3,1
643,1,1
643,2,0.5714285714285714
643,3,0.5
644,1,0.6
644,2,0.4
644,3,1
645,1,1
645,2,1
645,3,1
646,1,0.5333333333333333
646,2,0.36363636363636365
646,3,1
647,1,1
647,2,1
647,3,1
648,1,0.7894736842105263
648,2,0.21052631578947367
648,3,0.8333333333333334
649,1,0.7333333333333333
649,2,0.5
649,3,1
650,1,0.6666666666666666
650,2,0.4444444444444444
650,3,1
651,1,0.6
651,2,0.4
651,3,1
652,1,0.9375
652,2,0.75
652,3,1
653,1,0.7894736842105263
653,2,0.75
653,3,0.5
654,1,1
654,2,1
654,3,1
655,1,1
655,2,1
655,3,1
656,1,1
656,2,1
656,3,1
657,1,0.8823529411764706
657,2,0.2222222222222222
657,3,0.625
658,1,0.5333333333333333
658,2,0.3076923076923077
658,3,0.6666666666666666
659,1,0.8823529411764706
659,2,1
659,3,0.6666666666666666
660,1,0.9333333333333333
660,2,0.8
660,3,1
661,1,0.8666666666666667
661,2,0.5714285714285714
661,3,0.8333333333333334
662,1,0.9375
662,2,0.75
662,3,1
663,1,0.4666666666666667
663,2,0.26666666666666666
663,3,0.5
664,1,0.8333333333333334
664,2,0.75
664,3,0.6666666666666666
665,1,0.8823529411764706
665,2,1
665,3,0.6666666666666666
666,1,0.5333333333333333
666,2,0.36363636363636365
666,3,1
667,1,0.7894736842105263
667,2,0.21052631578947367
667,3,0.8333333333333334
668,1,0.9375
668,2,0.375
668,3,0.4444444444444444
669,1,0.9375
669,2,0.75
669,3,1
670,1,1
670,2,1
670,3,1
671,1,0.6666666666666666
671,2,0.3333333333333333
671,3,0.5
672,1,1
672,2,1
672,3,1
673,1,0.6
673,2,0.4
673,3,1
674,1,0.6666666666666666
674,2,0.4444444444444444
674,3,1
675,1,0.5333333333333333
675,2,0.36363636363636365
675,3,1
676,1,0.6666666666666666
676,2,0.4444444444444444
676,3,1
677,1,0.6666666666666666
677,2,0.4444444444444444
677,3,1
678,1,0.6
678,2,0.3333333333333333
678,3,0.6666666666666666
679,1,1
679,2,1
679,3,1
680,1,0.6666666666666666
680,2,0.3333333333333333
680,3,0.5
681,1,0.9375
681,2,0.75
681,3,1
682,1,0.5333333333333333
682,2,0.36363636363636365
682,3,1
683,1,0.6
683,2,0.3076923076923077
683,3,0.5
684,1,0.6666666666666666
684,2,0.4444444444444444
684,3,1
685,1,0.7894736842105263
685,2,0.21052631578947367
685,3,0.8333333333333334
686,1,0.9333333333333333
686,2,0.8
686,3,1
687,1,0.8823529411764706
687,2,0.75
687,3,0.8333333333333334
688,1,0.8333333333333334
688,2,0.75
688,3,0.6666666666666666
689,1,0.6
689,2,0.4
689,3,1
690,1,0.8823529411764706
690,2,1
690,3,0.6666666666666666
691,1,0.5333333333333333
691,2,0.36363636363636365
691,3,1
692,1,0.6
692,2,0.4
692,3,1
693,1,0.6666666666666666
693,2,0.4444444444444444
693,3,1
694,1,0.6
694,2,0.4
694,3,1
695,1,0.6
695,2,0.4
695,3,1
696,1,0.5333333333333333
696,2,0.36363636363636365
696,3,1
697,1,0.6
697,2,0.3
697,3,0.8571428571428571
698,1,0.6
698,2,0.4
698,3,1
699,1,0.6666666666666666
699,2,0.3333333333333333
699,3,0.5
700,1,1
700,2,1
700,3,1
701,1,0.6666666666666666
701,2,0.4444444444444444
701,3,1
702,1,0.6666666666666666
702,2,0.3333333333333333
702,3,0.5
703,1,0.6
703,2,0.4
703,3,1
704,1,0.8235294117647058
704,2,0.6666666666666666
704,3,0.5
705,1,0.7333333333333333
705,2,0.5
705,3,1
706,1,0.9375
706,2,0.75
706,3,1
707,1,0.9333333333333333
707,2,0.8
707,3,1
708,1,0.5333333333333333
708,2,0.3333333333333333
708,3,0.8333333333333334
709,1,1
709,2,1
709,3,1
710,1,0.9375
710,2,0.75
710,3,1
711,1,0.6666666666666666
711,2,0.4444444444444444
711,3,1
712,1,0.9375
712,2,0.75
712,3,1
713,1,0.8823529411764706
713,2,1
713,3,0.6666666666666666
714,1,1
714,2,1
714,3,1
715,1,0.9375
715,2,0.75
715,3,1
716,1,0.6
716,2,0.3333333333333333
716,3,0.6666666666666666
717,1,0.5333333333333333
717,2,0.36363636363636365
717,3,1
718,1,0.6666666666666666
718,2,0.4444444444444444
718,3,1
719,1,1
719,2,1
719,3,1
720,1,0.9333333333333333
720,2,0.8
720,3,1
721,1,0.6
721,2,0.3076923076923077
721,3,0.5
722,1,0.5333333333333333
722,2,0.36363636363636365
722,3,1
723,1,0.6
723,2,0.4
723,3,1
724,1,0.6666666666666666
724,2,0.4444444444444444
724,3,1
725,1,0.6
725,2,0.4
725,3,1
726,1,0.875
726,2,0.5714285714285714
726,3,0.5
727,1,0.6
727,2,0.4
727,3,1
728,1,0.8
728,2,0.5714285714285714
728,3,1
729,1,0.6
729,2,0.3076923076923077
729,3,0.5
730,1,0.6666666666666666
730,2,0.4444444444444444
730,3,1
731,1,0.5333333333333333
731,2,0.36363636363636365
731,3,1
732,1,0.9375
732,2,0.75
732,3,1
733,1,0.5333333333333333
733,2,0.36363636363636365
733,3,1
734,1,0.8823529411764706
734,2,0.2222222222222222
734,3,0.625
735,1,1
735,2,1
735,3,1
736,1,0.5333333333333333
736,2,0.36363636363636365
736,3,1
737,1,1
737,2,1
737,3,1
738,1,0.5333333333333333
738,2,0.2857142857142857
738,3,0.5
739,1,1
739,2,0.8
739,3,0.8333333333333334
740,1,0.9375
740,2,0.75
740,3,1
741,1,0.6
741,2,0.5
741,3,0.42857142857142855
742,1,0.9375
742,2,0.75
742,3,1
743,1,1
743,2,1
743,3,1
744,1,0.5333333333333333
744,2,0.36363636363636365
744,3,1
745,1,0.9375
745,2,0.6666666666666666
745,3,0.5
746,1,0.47058823529411764
746,2,0.5
746,3,0.26666666666666666
747,1,0.5333333333333333
747,2,0.36363636363636365
747,3,1
748,1,0.6666666666666666
748,2,0.4444444444444444
748,3,1
749,1,0.5333333333333333
749,2,0.36363636363636365
749,3,1
750,1,1
750,2,0.5714285714285714
750,3,0.5
751,1,0.9333333333333333
751,2,0.8
751,3,1
752,1,0.8333333333333334
752,2,0.15789473684210525
752,3,0.7142857142857143
753,1,0.9375
753,2,0.75
753,3,1
754,1,0.9375
754,2,0.75
754,3,1
755,1,0.8666666666666667
755,2,0.6666666666666666
755,3,1
756,1,1
756,2,0.5714285714285714
756,3,0.5
757,1,1
757,2,1
757,3,1
758,1,0.5333333333333333
758,2,0.3333333333333333
758,3,0.8333333333333334
759,1,0.5333333333333333
759,2,0.36363636363636365
759,3,1
760,1,0.6666666666666666
760,2,0.3333333333333333
760,3,0.5
761,1,0.5333333333333333
761,2,0.5
761,3,0.4
762,1,0.6
762,2,0.3076923076923077
762,3,0.5
763,1,1
763,2,0.4444444444444444
763,3,0.5
764,1,1
764,2,0.5714285714285714
764,3,0.5
765,1,0.5333333333333333
765,2,0.3076923076923077
765,3,0.6666666666666666
766,1,0.5333333333333333
766,2,0.36363636363636365
766,3,1
767,1,1
767,2,1
767,3,1
768,1,1
768,2,1
768,3,1
769,1,0.6666666666666666
769,2,0.4444444444444444
769,3,1
770,1,0.9375
770,2,0.75
770,3,1
771,1,0.5333333333333333
771,2,0.36363636363636365
771,3,1
772,1,0.7894736842105263
772,2,0.21052631578947367
772,3,0.8333333333333334
773,1,0.9333333333333333
773,2,0.8
773,3,1
774,1,0.47368421052631576
774,2,0.3076923076923077
774,3,1
775,1,0.9375
775,2,0.42857142857142855
775,3,0.5
776,1,0.6
776,2,0.3076923076923077
776,3,0.5
777,1,0.9375
777,2,0.75
777,3,1
778,1,0.6
778,2,0.4
778,3,1
779,1,0.6
779,2,0.3333333333333333
779,3,0.6666666666666666
780,1,0.9333333333333333
780,2,0.8
780,3,1
781,1,0.6666666666666666
781,2,0.4444444444444444
781,3,1
782,1,0.4666666666666667
782,2,0.3333333333333333
782,3,1
783,1,0.5333333333333333
783,2,0.36363636363636365
783,3,1
784,1,0.7894736842105263
784,2,0.21052631578947367
784,3,0.8333333333333334
785,1,0.6
785,2,0.4
785,3,1
786,1,0.6666666666666666
786,2,0.4444444444444444
786,3,1
787,1,0.5333333333333333
787,2,0.2727272727272727
787,3,0.8571428571428571
788,1,0.9375
788,2,0.75
788,3,1
789,1,0.5333333333333333
789,2,0.36363636363636365
789,3,1
790,1,0.8823529411764706
790,2,0.2222222222222222
790,3,0.625
791,1,0.6666666666666666
791,2,0.4444444444444444
791,3,1
792,1,0.8823529411764706
792,2,0.2857142857142857
792,3,0.5
793,1,0.5333333333333333
793,2,0.3076923076923077
793,3,0.6666666666666666
794,1,0.8666666666666667
794,2,0.4444444444444444
794,3,0.5
795,1,1
795,2,1
795,3,1
796,1,0.8823529411764706
796,2,0.2857142857142857
796,3,0.5
797,1,0.6
797,2,0.3076923076923077
797,3,0.5
798,1,0.6
798,2,0.4
798,3,1
799,1,0.9375
799,2,0.75
799,3,1
800,1,0.75
800,2,0.75
800,3,0.3333333333333333
801,1,0.8666666666666667
801,2,0.4
801,3,0.3333333333333333
802,1,0.6666666666666666
802,2,0.3333333333333333
802,3,0.5
803,1,1
803,2,1
803,3,1
804,1,0.7333333333333333
804,2,0.5
804,3,1
805,1,1
805,2,1
805,3,1
806,1,1
806,2,1
806,3,1
807,1,0.9375
807,2,0.75
807,3,1
808,1,0.6666666666666666
808,2,0.36363636363636365
808,3,0.6666666666666666
809,1,0.5333333333333333
809,2,0.36363636363636365
809,3,1
810,1,0.6666666666666666
810,2,0.4
810,3,0.8333333333333334
811,1,0.6
811,2,0.3076923076923077
811,3,0.5
812,1,0.9375
812,2,0.75
812,3,1
813,1,0.5333333333333333
813,2,0.36363636363636365
813,3,1
814,1,0.9375
814,2,0.75
814,3,1
815,1,0.5333333333333333
815,2,0.2857142857142857
815,3,0.5
816,1,0.8823529411764706
816,2,0.2857142857142857
816,3,0.5
817,1,0.6
817,2,0.4
817,3,1
818,1,0.6666666666666666
818,2,0.3333333333333333
818,3,0.5
819,1,0.6
819,2,0.4
819,3,1
820,1,0.8333333333333334
820,2,0.75
820,3,0.6666666666666666
821,1,0.5333333333333333
821,2,0.36363636363636365
821,3,1
822,1,0.9375
822,2,0.75
822,3,1
823,1,0.6666666666666666
823,2,0.4
823,3,0.8333333333333334
824,1,0.6666666666666666
824,2,0.36363636363636365
824,3,0.6666666666666666
825,1,0.5333333333333333
825,2,0.2
825,3,0.75
826,1,1
826,2,0.5714285714285714
826,3,0.5
827,1,0.9375
827,2,0.75
827,3,1
828,1,0.5333333333333333
828,2,0.36363636363636365
828,3,1
829,1,0.6
829,2,0.4
829,3,1
830,1,0.6666666666666666
830,2,0.3333333333333333
830,3,0.5
831,1,0.7894736842105263
831,2,0.21052631578947367
831,3,0.8333333333333334
832,1,0.8823529411764706
832,2,0.2857142857142857
832,3,0.5
833,1,1
833,2,1
833,3,1
834,1,0.6666666666666666
834,2,0.36363636363636365
834,3,0.6666666666666666
835,1,0.6
835,2,0.4
835,3,1
836,1,0.8823529411764706
836,2,0.5
836,3,1
837,1,0.9375
837,2,0.75
837,3,1
838,1,1
838,2,0.5714285714285714
838,3,0.5
839,1,1
839,2,1
839,3,1
840,1,0.9333333333333333
840,2,0.6666666666666666
840,3,0.8333333333333334
841,1,0.9375
841,2,0.75
841,3,1
842,1,0.6
842,2,0.4
842,3,1
843,1,0.5333333333333333
843,2,0.36363636363636365
843,3,1
844,1,0.9375
844,2,0.75
844,3,1
845,1,0.7333333333333333
845,2,0.5
845,3,1
846,1,0.9375
846,2,0.75
846,3,1
847,1,0.5333333333333333
847,2,0.36363636363636365
847,3,1
848,1,0.6666666666666666
848,2,0.4444444444444444
848,3,1
849,1,0.7333333333333333
849,2,0.5
849,3,1
850,1,0.8823529411764706
850,2,0.2222222222222222
850,3,0.625
851,1,0.6666666666666666
851,2,0.4444444444444444
851,3,1
852,1,0.9375
852,2,0.75
852,3,1
853,1,0.9375
853,2,0.75
853,3,1
854,1,1
854,2,1
854,3,1
855,1,0.6666666666666666
855,2,0.4444444444444444
855,3,1
856,1,1
856,2,1
856,3,1
857,1,0.6
857,2,0.36363636363636365
857,3,0.8333333333333334
858,1,0.5294117647058824
858,2,0.8
858,3,0.25
859,1,0.8
859,2,0.6666666666666666
859,3,0.8571428571428571
860,1,0.5333333333333333
860,2,0.36363636363636365
860,3,1
861,1,0.6666666666666666
861,2,0.3333333333333333
861,3,0.5
862,1,1
862,2,1
862,3,1
863,1,0.7894736842105263
863,2,0.21052631578947367
863,3,0.8333333333333334
864,1,0.8823529411764706
864,2,0.2857142857142857
864,3,0.5
865,1,1
865,2,1
865,3,1
866,1,0.6
866,2,0.3333333333333333
866,3,0.6666666666666666
867,1,1
867,2,0.5714285714285714
867,3,0.5
868,1,0.8823529411764706
868,2,0.2857142857142857
868,3,0.5
869,1,0.6
869,2,0.4
869,3,1
870,1,1
870,2,1
870,3,1
871,1,0.9375
871,2,0.75
871,3,1
872,1,0.8333333333333334
872,2,0.75
872,3,0.6666666666666666
873,1,0.6666666666666666
873,2,0.3333333333333333
873,3,0.5
874,1,0.6
874,2,0.3076923076923077
874,3,0.5
875,1,0.9375
875,2,0.75
875,3,1
876,1,0.9375
876,2,0.75
876,3,1
877,1,0.9333333333333333
877,2,0.8
877,3,1
878,1,0.8333333333333334
878,2,0.75
878,3,0.6666666666666666
879,1,0.5
879,2,0.75
879,3,0.3333333333333333
880,1,0.6666666666666666
880,2,0.4444444444444444
880,3,1
881,1,0.6
881,2,0.4
881,3,1
882,1,0.9333333333333333
882,2,0.8
882,3,1
883,1,0.8823529411764706
883,2,0.2857142857142857
883,3,0.5
884,1,0.9375
884,2,0.75
884,3,1
885,1,0.5333333333333333
885,2,0.36363636363636365
885,3,1
886,1,0.6666666666666666
886,2,0.4444444444444444
886,3,1
887,1,0.6
887,2,0.3333333333333333
887,3,0.6666666666666666
888,1,0.6
888,2,0.3076923076923077
888,3,0.5
889,1,0.8823529411764706
889,2,1
889,3,0.6666666666666666
890,1,0.7333333333333333
890,2,0.5
890,3,1
891,1,1
891,2,0.8
891,3,0.8333333333333334
892,1,0.9375
892,2,0.75
892,3,1
893,1,0.8823529411764706
893,2,0.2857142857142857
893,3,0.5
894,1,0.5333333333333333
894,2,0.3333333333333333
894,3,0.8333333333333334
895,1,0.7333333333333333
895,2,0.5
895,3,1
896,1,0.7894736842105263
896,2,0.21052631578947367
896,3,0.8333333333333334
897,1,0.8823529411764706
897,2,1
897,3,0.6666666666666666
898,1,0.5333333333333333
898,2,0.36363636363636365
898,3,1
899,1,0.9333333333333333
899,2,0.4
899,3,0.45454545454545453
900,1,0.9375
900,2,0.3333333333333333
900,3,0.5555555555555556
901,1,0.5333333333333333
901,2,0.2727272727272727
901,3,0.8571428571428571
902,1,0.5333333333333333
902,2,0.36363636363636365
902,3,1
903,1,0.6666666666666666
903,2,0.4
903,3,0.8333333333333334
904,1,1
904,2,1
904,3,1
905,1,0.9375
905,2,0.75
905,3,1
906,1,0.5333333333333333
906,2,0.2857142857142857
906,3,0.5
907,1,0.6
907,2,0.3076923076923077
907,3,0.5
908,1,0.5333333333333333
908,2,0.36363636363636365
908,3,1
909,1,1
909,2,1
909,3,1
910,1,0.8235294117647058
910,2,0.8
910,3,0.6666666666666666
911,1,0.6
911,2,0.4
911,3,1
912,1,0.9375
912,2,0.3333333333333333
912,3,0.5555555555555556
913,1,0.8823529411764706
913,2,0.2857142857142857
913,3,0.5
914,1,0.6
914,2,0.4
914,3,1
915,1,0.5333333333333333
915,2,0.36363636363636365
915,3,1
916,1,0.8823529411764706
916,2,1
916,3,0.6666666666666666
917,1,0.6
917,2,0.4
917,3,1
918,1,0.6
918,2,0.3076923076923077
918,3,0.5
919,1,0.7894736842105263
919,2,0.21052631578947367
919,3,0.8333333333333334
920,1,0.6666666666666666
920,2,0.4444444444444444
920,3,1
921,1,0.8823529411764706
921,2,1
921,3,0.6666666666666666
922,1,1
922,2,1
922,3,1
923,1,0.6666666666666666
923,2,0.3333333333333333
923,3,0.5
924,1,0.5333333333333333
924,2,0.36363636363636365
924,3,1
925,1,0.9333333333333333
925,2,0.8
925,3,1
926,1,0.8333333333333334
926,2,0.75
926,3,0.6666666666666666
927,1,0.6
927,2,0.4
927,3,1
928,1,0.9375
928,2,0.75
928,3,1
929,1,0.9375
929,2,0.75
929,3,1
930,1,0.5333333333333333
930,2,0.36363636363636365
930,3,1
931,1,0.9375
931,2,0.75
931,3,1
932,1,0.6
932,2,0.5
932,3,0.42857142857142855
933,1,1
933,2,1
933,3,1
934,1,0.6
934,2,0.4
934,3,1
935,1,0.7894736842105263
935,2,0.21052631578947367
935,3,0.8333333333333334
936,1,0.6666666666666666
936,2,0.4444444444444444
936,3,1
937,1,0.6
937,2,0.4
937,3,1
938,1,0.6
938,2,0.4
938,3,1
939,1,0.7894736842105263
939,2,0.21052631578947367
939,3,0.8333333333333334
940,1,0.6
940,2,0.4
940,3,1
941,1,0.8823529411764706
941,2,0.2857142857142857
941,3,0.5
942,1,0.8333333333333334
942,2,0.15789473684210525
942,3,0.5
943,1,0.8333333333333334
943,2,1
943,3,0.5
944,1,0.8333333333333334
944,2,0.75
944,3,0.6666666666666666
945,1,0.7333333333333333
945,2,0.5
945,3,1
946,1,0.5294117647058824
946,2,0.2
946,3,0.75
947,1,1
947,2,1
947,3,1
948,1,0.5333333333333333
948,2,0.2
948,3,0.75
949,1,0.5333333333333333
949,2,0.2857142857142857
949,3,0.5
950,1,0.5333333333333333
950,2,0.3076923076923077
950,3,0.6666666666666666
951,1,0.5333333333333333
951,2,0.36363636363636365
951,3,1
952,1,0.9333333333333333
952,2,0.8
952,3,1
953,1,1
953,2,1
953,3,1
954,1,0.6666666666666666
954,2,0.3333333333333333
954,3,0.5
955,1,1
955,2,1
955,3,1
956,1,0.6666666666666666
956,2,0.4444444444444444
956,3,1
957,1,0.9333333333333333
957,2,0.8
957,3,1
958,1,0.5333333333333333
958,2,0.2857142857142857
958,3,0.5
959,1,1
959,2,1
959,3,1
960,1,0.9375
960,2,0.75
960,3,1
961,1,0.5333333333333333
961,2,0.36363636363636365
961,3,1
962,1,0.7894736842105263
962,2,0.21052631578947367
962,3,0.8333333333333334
963,1,0.6666666666666666
963,2,0.4444444444444444
963,3,1
964,1,0.8823529411764706
964,2,1
964,3,0.6666666666666666
965,1,0.5333333333333333
965,2,0.3076923076923077
965,3,0.6666666666666666
966,1,0.45454545454545453
966,2,0.23529411764705882
966,3,0.5
967,1,0.5333333333333333
967,2,0.36363636363636365
967,3,1
968,1,1
968,2,0.4444444444444444
968,3,0.5
969,1,0.5333333333333333
969,2,0.2857142857142857
969,3,0.5
970,1,0.6
970,2,0.4
970,3,1
971,1,0.8823529411764706
971,2,0.2222222222222222
971,3,0.625
972,1,0.8333333333333334
972,2,0.75
972,3,0.6666666666666666
973,1,0.5333333333333333
973,2,0.36363636363636365
973,3,1
974,1,1
974,2,1
974,3,1
975,1,0.8823529411764706
975,2,0.2222222222222222
975,3,0.625
976,1,1
976,2,1
976,3,1
977,1,0.6
977,2,0.3076923076923077
977,3,0.5
978,1,0.7333333333333333
978,2,0.36363636363636365
978,3,0.5
979,1,0.4444444444444444
979,2,0.5
979,3,0.2727272727272727
980,1,0.6
980,2,0.4
980,3,1
981,1,0.7894736842105263
981,2,0.21052631578947367
981,3,0.8333333333333334
982,1,1
982,2,1
982,3,1
983,1,1
983,2,0.5714285714285714
983,3,0.5
984,1,0.9375
984,2,0.75
984,3,1
985,1,0.6
985,2,0.3076923076923077
985,3,0.5
986,1,0.5333333333333333
986,2,0.75
986,3,0.42857142857142855
987,1,0.9333333333333333
987,2,0.8
987,3,1
988,1,0.6
988,2,0.4
988,3,1
989,1,0.5333333333333333
989,2,0.36363636363636365
989,3,1
990,1,0.5333333333333333
990,2,0.3333333333333333
990,3,0.8333333333333334
991,1,0.6666666666666666
991,2,0.36363636363636365
991,3,0.6666666666666666
992,1,0.6666666666666666
992,2,0.3333333333333333
992,3,0.5
993,1,0.6666666666666666
993,2,0.3076923076923077
993,3,0.3333333333333333
994,1,1
994,2,1
994,3,1
995,1,0.5333333333333333
995,2,0.2857142857142857
995,3,0.5
996,1,0.8823529411764706
996,2,0.25
996,3,0.5
997,1,0.8333333333333334
997,2,0.75
997,3,0.6666666666666666
998,1,0.7894736842105263
998,2,0.75
998,3,0.5
999,1,0.9375
999,2,0.75
999,3,1
1000,1,0.5333333333333333
1000,2,0.36363636363636365
1000,3,1
