iteration,ARI,unique_participants,induced_cluster_sizes
1,0.4071146245059289,15,8/11/6
2,0.8784440842787682,16,16/6/3
3,0.8567921440261866,13,15/7/3
4,1,16,15/4/6
5,0.5805369127516778,17,19/1/5
6,0.20789327404113395,16,8/13/4
7,0.6182201158504476,15,3/18/4
8,0.7627024008933556,14,6/13/6
9,0.746125066809193,16,4/17/4
10,0.8754842280022136,13,5/6/14
11,0.8784440842787682,16,16/6/3
12,0.5048104131295982,15,9/10/6
13,0.5139968895800933,14,19/3/3
14,0.8784440842787682,16,16/3/6
15,0.8784440842787682,14,3/16/6
16,0.8567921440261866,17,15/3/7
17,0.8784440842787682,15,6/16/3
18,0.5048104131295982,18,10/9/6
19,0.8754842280022136,17,6/14/5
20,0.20789327404113395,16,8/13/4
21,0.6206174777603349,15,6/18/1
22,0.4482173174872665,15,6/9/10
23,0.5805369127516778,14,19/5/1
24,0.4071146245059289,14,11/8/6
25,0.5139968895800933,15,19/3/3
26,0.5048104131295982,14,10/6/9
27,0.746125066809193,18,4/17/4
28,0.20789327404113395,16,13/8/4
29,0.8784440842787682,15,6/16/3
30,1,17,6/4/15
31,0.8784440842787682,18,16/3/6
32,0.7397223705285638,15,3/17/5
33,0.8784440842787682,18,6/16/3
34,0.8784440842787682,17,16/6/3
35,0.699679658302189,15,3/17/5
36,0.2601898380792853,17,9/12/4
37,0.9383561643835616,17,5/15/5
38,0.8754842280022136,17,14/6/5
39,0.40142638818135506,15,2/20/3
40,0.8784440842787682,11,6/16/3
41,0.3816750983698707,16,6/12/7
42,0.3284834918858422,15,11/10/4
43,0.6757543673901535,14,17/7/1
44,0.4071146245059289,18,6/8/11
45,0.8754842280022136,16,14/5/6
46,1,17,15/4/6
47,0.8784440842787682,16,16/6/3
48,0.4482173174872665,16,10/6/9
49,0.5048104131295982,16,6/9/10
50,0.5139968895800933,16,19/3/3
51,0.20789327404113395,15,8/13/4
52,0.26511369938990564,18,10/12/3
53,0.5048104131295982,18,9/6/10
54,0.8784440842787682,17,6/16/3
55,0.5805369127516778,17,19/5/1
56,0.8784440842787682,15,16/3/6
57,0.5048104131295982,17,6/10/9
58,0.19154228855721392,15,13/9/3
59,0.8784440842787682,17,16/3/6
60,1,14,15/6/4
61,0.5720596355604638,16,14/7/4
62,0.4482173174872665,14,10/9/6
63,0.7703943814154511,17,6/16/3
64,0.2601898380792853,16,12/9/4
65,1,17,15/6/4
66,1,13,15/6/4
67,0.6757543673901535,13,7/1/17
68,0.3144935646334639,18,11/4/10
69,0.5048104131295982,18,9/10/6
70,0.4482173174872665,16,6/9/10
71,1,16,4/6/15
72,0.4071146245059289,16,6/11/8
73,0.5784964068546158,17,9/13/3
74,1,15,6/4/15
75,0.746125066809193,15,17/4/4
76,0.6757543673901535,16,17/1/7
77,0.6627318718381113,15,6/12/7
78,1,17,15/4/6
79,0.6729845168179391,15,3/17/5
80,0.4071146245059289,15,8/6/11
81,1,15,15/6/4
82,0.5048104131295982,17,6/10/9
83,0.1341396371632765,16,14/8/3
84,0.6050552922590837,16,4/18/3
85,0.3774211400110681,15,14/6/5
86,0.5048104131295982,17,9/6/10
87,0.5048104131295982,17,9/6/10
88,0.7738158594997339,15,17/6/2
89,1,15,6/15/4
90,1,16,15/4/6
91,0.5793606281547954,16,8/12/5
92,0.5805369127516778,15,19/5/1
93,0.9383561643835616,16,5/15/5
94,0.3284834918858422,17,11/10/4
95,0.4071146245059289,15,8/6/11
96,0.6182201158504476,15,18/4/3
97,0.6627318718381113,16,7/12/6
98,0.5765104460756635,16,8/11/6
99,0.5048104131295982,14,9/10/6
100,1,17,6/15/4
101,0.5787256450763559,12,18/3/4
102,1,18,6/15/4
103,0.8784440842787682,14,16/6/3
104,0.3458075407990996,14,9/5/11
105,0.5048104131295982,19,9/10/6
106,1,18,6/4/15
107,0.09301691216584834,15,7/15/3
108,0.26511369938990564,17,12/10/3
109,0.4071146245059289,15,11/8/6
110,0.8784440842787682,17,6/16/3
111,0.20789327404113395,17,4/13/8
112,0.26511369938990564,16,10/3/12
113,0.6627318718381113,17,12/6/7
114,0.35452526374236537,15,11/11/3
115,0.26511369938990564,16,12/10/3
116,0.8754842280022136,18,6/14/5
117,0.5805369127516778,16,19/1/5
118,0.5805369127516778,14,19/1/5
119,0.8784440842787682,15,6/16/3
120,0.8784440842787682,17,16/3/6
121,1,18,15/4/6
122,0.6729845168179391,15,17/5/3
123,0.7627024008933556,14,6/13/6
124,0.5048104131295982,17,10/9/6
125,0.6751488900920413,17,14/10/1
126,0.4482173174872665,16,9/10/6
127,0.24347584675180456,16,11/11/3
128,0.4071146245059289,16,11/6/8
129,1,13,15/6/4
130,0.4071146245059289,16,6/11/8
131,0.8784440842787682,15,16/6/3
132,0.20789327404113395,19,13/8/4
133,1,15,6/15/4
134,0.6757543673901535,16,17/7/1
135,0.8784440842787682,19,6/16/3
136,0.7397223705285638,19,17/5/3
137,0.746125066809193,17,17/4/4
138,0.5048104131295982,14,6/9/10
139,0.35452526374236537,17,11/11/3
140,0.6757543673901535,15,7/17/1
141,0.6862799776910207,14,13/5/7
142,0.1341396371632765,16,14/8/3
143,0.4071146245059289,17,8/6/11
144,0.1341396371632765,12,14/8/3
145,0.5048104131295982,16,9/10/6
146,0.4864940911648846,17,5/11/9
147,1,18,6/4/15
148,0.3458075407990996,16,5/9/11
149,1,17,4/6/15
150,0.3902439024390244,19,7/8/10
151,1,18,6/15/4
152,1,17,15/4/6
153,0.4071146245059289,14,6/11/8
154,1,15,4/6/15
155,1,16,15/4/6
156,0.6182201158504476,15,4/3/18
157,1,16,15/4/6
158,0.8754842280022136,16,14/5/6
159,0.6206174777603349,17,6/18/1
160,0.26511369938990564,17,12/3/10
161,0.746125066809193,15,17/4/4
162,0.6673762639701969,16,17/2/6
163,0.6345425013535464,14,5/16/4
164,0.3284834918858422,19,4/11/10
165,0.4071146245059289,17,6/11/8
166,0.5805369127516778,16,19/1/5
167,0.4071146245059289,16,8/6/11
168,0.4071146245059289,17,6/11/8
169,0.6757543673901535,13,17/7/1
170,1,19,6/15/4
171,0.4482173174872665,16,9/10/6
172,1,20,6/15/4
173,0.6729845168179391,16,3/17/5
174,0.5784964068546158,14,9/3/13
175,0.8784440842787682,17,16/6/3
176,0.8105035192203575,15,16/5/4
177,0.1341396371632765,18,14/8/3
178,0.8784440842787682,19,6/16/3
179,0.8646453708716839,12,4/16/5
180,0.1341396371632765,17,8/14/3
181,0.8784440842787682,16,16/6/3
182,0.5048104131295982,16,9/10/6
183,0.19154228855721392,17,13/9/3
184,0.2870722433460076,15,11/1/13
185,0.5048104131295982,19,10/6/9
186,0.35452526374236537,16,11/11/3
187,0.5048104131295982,13,9/10/6
188,0.1341396371632765,16,3/14/8
189,1,17,15/4/6
190,0.4071146245059289,15,8/11/6
191,0.1341396371632765,16,14/8/3
192,0.8105035192203575,15,5/16/4
193,0.4482173174872665,15,10/9/6
194,0.5048104131295982,17,9/10/6
195,0.8784440842787682,16,16/6/3
196,0.6182201158504476,15,4/18/3
197,0.2601898380792853,17,12/9/4
198,0.4327390599675851,13,16/6/3
199,0.5765104460756635,14,8/6/11
200,0.26511369938990564,17,10/12/3
201,0.4482173174872665,12,9/6/10
202,0.4071146245059289,17,11/8/6
203,1,19,15/4/6
204,0.4071146245059289,14,6/8/11
205,0.4482173174872665,16,6/9/10
206,0.5048104131295982,17,9/6/10
207,1,13,15/6/4
208,0.19154228855721392,15,3/13/9
209,0.5048104131295982,15,9/10/6
210,0.19154228855721392,14,9/13/3
211,0.8567921440261866,13,15/7/3
212,0.6729845168179391,16,17/5/3
213,0.35452526374236537,17,11/11/3
214,1,18,15/6/4
215,0.19154228855721392,14,9/13/3
216,0.4482173174872665,16,10/6/9
217,0.4124230554001119,16,10/4/11
218,0.4084507042253521,17,10/10/5
219,0.19154228855721392,14,13/9/3
220,0.20789327404113395,15,13/4/8
221,0.8784440842787682,17,16/3/6
222,0.19154228855721392,16,9/13/3
223,0.4482173174872665,12,9/6/10
224,0.19154228855721392,15,9/13/3
225,0.8784440842787682,18,16/3/6
226,0.6345425013535464,16,5/4/16
227,0.8317178244480344,18,15/1/9
228,0.6757543673901535,17,17/7/1
229,0.19154228855721392,13,13/9/3
230,0.4071146245059289,14,11/6/8
231,0.1341396371632765,17,14/8/3
232,0.6729845168179391,14,17/3/5
233,0.19154228855721392,15,9/3/13
234,0.20789327404113395,17,13/8/4
235,0.8784440842787682,15,6/16/3
236,0.7703943814154511,14,16/3/6
237,1,15,6/4/15
238,1,13,15/6/4
239,0.20789327404113395,16,8/13/4
240,0.8784440842787682,15,16/6/3
241,0.6757543673901535,16,17/1/7
242,0.8784440842787682,18,6/16/3
243,0.8754842280022136,12,6/5/14
244,1,16,15/6/4
245,0.26511369938990564,16,12/3/10
246,0.6050552922590837,18,4/18/3
247,0.7738158594997339,15,17/6/2
248,0.1341396371632765,14,14/8/3
249,1,15,6/15/4
250,0.5048104131295982,14,6/9/10
251,1,19,15/6/4
252,0.5048104131295982,18,9/10/6
253,0.4071146245059289,17,6/8/11
254,1,15,4/15/6
255,0.5048104131295982,16,10/9/6
256,0.4071146245059289,18,11/8/6
257,0.5048104131295982,16,9/10/6
258,0.26511369938990564,15,10/12/3
259,0.5048104131295982,21,10/6/9
260,0.4071146245059289,14,8/6/11
261,0.4482173174872665,18,9/10/6
262,0.8784440842787682,14,16/6/3
263,0.6182201158504476,14,18/4/3
264,0.8105035192203575,15,4/16/5
265,0.2601898380792853,16,12/4/9
266,1,17,4/6/15
267,0.5805369127516778,16,19/1/5
268,1,19,6/15/4
269,0.1341396371632765,15,3/14/8
270,1,18,6/15/4
271,0.7627024008933556,18,6/13/6
272,0.8646453708716839,16,5/16/4
273,0.7397223705285638,14,5/17/3
274,0.5139968895800933,12,19/3/3
275,0.2989343802579922,16,5/12/8
276,0.6729845168179391,15,17/5/3
277,0.2601898380792853,18,12/4/9
278,0.19154228855721392,18,13/9/3
279,0.10473882606354336,15,15/1/9
280,0.6729845168179391,16,5/17/3
281,0.4071146245059289,16,8/6/11
282,0.1341396371632765,16,8/14/3
283,1,17,6/15/4
284,1,13,4/15/6
285,0.4482173174872665,18,9/10/6
286,0.8784440842787682,18,16/6/3
287,0.4071146245059289,14,6/11/8
288,1,18,15/6/4
289,0.19154228855721392,18,13/9/3
290,0.4071146245059289,15,6/8/11
291,0.8784440842787682,15,16/6/3
292,0.4071146245059289,17,11/8/6
293,0.20789327404113395,15,13/8/4
294,0.4482173174872665,15,10/6/9
295,0.6757543673901535,17,17/7/1
296,0.3190904547726137,18,21/3/1
297,1,14,15/6/4
298,0.14726583649160804,16,4/5/16
299,0.699679658302189,13,17/3/5
300,0.1341396371632765,16,8/14/3
301,0.19154228855721392,15,3/13/9
302,0.6729845168179391,14,5/17/3
303,0.19154228855721392,17,9/13/3
304,1,19,6/15/4
305,0.3458075407990996,13,11/5/9
306,1,17,6/15/4
307,1,18,6/4/15
308,0.2601898380792853,15,12/4/9
309,1,16,4/15/6
310,0.8754842280022136,18,14/5/6
311,0.699679658302189,17,5/17/3
312,1,17,6/4/15
313,0.3284834918858422,18,11/10/4
314,0.8784440842787682,15,6/16/3
315,0.5048104131295982,16,9/6/10
316,0.5765104460756635,16,8/11/6
317,0.746125066809193,16,16/8/1
318,1,16,6/15/4
319,0.4482173174872665,16,6/10/9
320,1,16,15/6/4
321,0.6729845168179391,15,5/17/3
322,0.5048104131295982,16,9/6/10
323,0.38885730528709495,15,8/8/9
324,0.9383561643835616,14,15/5/5
325,0.20789327404113395,15,8/4/13
326,0.8784440842787682,17,16/6/3
327,0.4592346089850249,15,10/12/3
328,1,16,15/6/4
329,0.7568881685575365,17,3/16/6
330,0.4482173174872665,17,9/10/6
331,0.26511369938990564,15,12/3/10
332,1,15,6/4/15
333,1,17,6/4/15
334,0.26511369938990564,16,10/12/3
335,0.4071146245059289,16,8/6/11
336,0.7703943814154511,16,16/6/3
337,0.746125066809193,16,16/8/1
338,0.6757543673901535,16,7/17/1
339,0.4071146245059289,18,11/8/6
340,0.2601898380792853,19,12/9/4
341,0.6182201158504476,14,4/18/3
342,0.31934203062960864,14,7/10/8
343,0.3458075407990996,17,11/9/5
344,0.19154228855721392,16,13/9/3
345,0.4250425894378194,14,7/9/9
346,0.8784440842787682,16,16/6/3
347,0.1341396371632765,16,8/14/3
348,0.5805369127516778,14,19/5/1
349,0.35452526374236537,16,3/11/11
350,0.8567921440261866,14,15/7/3
351,0.8063087991145546,14,6/14/5
352,0.746125066809193,16,4/4/17
353,1,17,4/6/15
354,0.5805369127516778,14,19/5/1
355,0.19154228855721392,16,9/13/3
356,1,17,15/4/6
357,1,16,15/4/6
358,0.4071146245059289,15,8/11/6
359,0.8784440842787682,17,16/6/3
360,0.4071146245059289,15,11/8/6
361,0.4482173174872665,18,9/10/6
362,0.38885730528709495,18,8/8/9
363,0.7738158594997339,14,6/17/2
364,0.5765104460756635,15,8/11/6
365,0.8105035192203575,13,16/5/4
366,0.4071146245059289,17,8/11/6
367,0.2601898380792853,18,9/12/4
368,0.5765104460756635,15,11/6/8
369,1,16,15/6/4
370,0.12039582188015392,17,11/12/2
371,0.7397223705285638,16,17/3/5
372,0.6729845168179391,17,17/3/5
373,0.4482173174872665,17,10/9/6
374,0.5048104131295982,16,9/10/6
375,0.8567921440261866,18,3/15/7
376,0.6757543673901535,15,17/7/1
377,0.4071146245059289,19,8/11/6
378,0.4482173174872665,20,9/10/6
379,0.8372219207813347,15,15/8/2
380,0.5805369127516778,15,19/5/1
381,0.4482173174872665,15,6/10/9
382,0.5805369127516778,17,5/19/1
383,0.4071146245059289,14,11/8/6
384,0.3458075407990996,16,11/5/9
385,0.3190904547726137,17,1/21/3
386,0.8784440842787682,14,16/3/6
387,0.8784440842787682,19,16/3/6
388,1,16,4/15/6
389,0.4482173174872665,13,9/10/6
390,0.5805369127516778,15,19/5/1
391,0.24682144831398561,14,3/9/13
392,0.5765104460756635,15,8/6/11
393,1,18,15/6/4
394,0.4482173174872665,16,6/9/10
395,0.8905309250136836,15,15/4/6
396,1,18,15/6/4
397,0.3902439024390244,17,8/7/10
398,0.6757543673901535,16,7/17/1
399,0.4613767735155019,15,2/5/18
400,0.14726583649160804,16,16/5/4
401,1,14,6/15/4
402,0.8567921440261866,17,15/7/3
403,0.9383561643835616,17,5/5/15
404,1,16,15/4/6
405,1,17,15/6/4
406,0.6182201158504476,14,18/3/4
407,0.5315046170559479,15,1/11/13
408,0.5048104131295982,15,9/10/6
409,0.5048104131295982,17,6/9/10
410,0.5048104131295982,18,6/10/9
411,0.4071146245059289,18,11/6/8
412,0.8784440842787682,16,3/16/6
413,0.4071146245059289,17,11/8/6
414,0.8105035192203575,18,5/16/4
415,0.4407727503812914,15,20/1/4
416,0.20789327404113395,14,13/8/4
417,0.5805369127516778,14,5/19/1
418,0.3458075407990996,13,9/11/5
419,0.6345425013535464,17,4/5/16
420,0.5805369127516778,14,5/19/1
421,0.8784440842787682,16,16/6/3
422,0.4071146245059289,16,11/6/8
423,0.8317178244480344,14,9/15/1
424,0.3902439024390244,17,10/8/7
425,1,18,15/4/6
426,0.1341396371632765,16,14/3/8
427,0.19154228855721392,16,13/9/3
428,1,16,6/4/15
429,0.8754842280022136,17,14/5/6
430,0.4071146245059289,17,8/11/6
431,0.4172825469016487,16,8/9/8
432,1,17,15/4/6
433,0.6852764094143404,16,15/4/6
434,0.1341396371632765,15,8/14/3
435,0.37185929648241206,14,13/6/6
436,0.4071146245059289,18,6/11/8
437,0.3190904547726137,12,21/3/1
438,0.4071146245059289,14,6/11/8
439,0.2601898380792853,18,12/9/4
440,0.6627318718381113,15,7/12/6
441,0.4482173174872665,16,10/6/9
442,0.5805369127516778,15,19/5/1
443,0.5805369127516778,16,19/5/1
444,0.8567921440261866,17,15/3/7
445,0.4071146245059289,18,8/11/6
446,1,15,4/6/15
447,0.20789327404113395,19,8/13/4
448,0.8784440842787682,14,6/16/3
449,0.4071146245059289,15,8/11/6
450,0.746125066809193,11,16/1/8
451,0.5048104131295982,14,10/9/6
452,0.5805369127516778,16,5/19/1
453,1,17,4/6/15
454,0.27680090754395914,15,10/8/7
455,0.5048104131295982,18,10/6/9
456,0.20789327404113395,16,8/13/4
457,0.19154228855721392,18,13/9/3
458,0.5765104460756635,14,8/11/6
459,0.8754842280022136,16,14/5/6
460,0.8784440842787682,15,16/6/3
461,1,19,15/4/6
462,0.4592346089850249,18,10/12/3
463,0.3458075407990996,16,9/11/5
464,0.09301691216584834,16,7/3/15
465,0.6757543673901535,14,17/7/1
466,0.4071146245059289,16,11/6/8
467,0.8784440842787682,16,3/6/16
468,0.5698782424563261,17,17/7/1
469,1,17,15/4/6
470,0.4071146245059289,17,11/8/6
471,1,16,4/15/6
472,0.6757543673901535,15,17/7/1
473,0.4071146245059289,17,6/11/8
474,0.3458075407990996,17,11/9/5
475,1,13,15/6/4
476,0.4482173174872665,18,9/6/10
477,0.20789327404113395,17,13/8/4
478,0.6050552922590837,18,3/18/4
479,0.5805369127516778,17,19/5/1
480,0.4482173174872665,14,10/6/9
481,1,18,15/4/6
482,0.1341396371632765,19,14/3/8
483,1,15,6/4/15
484,0.8567921440261866,16,15/3/7
485,0.4071146245059289,15,11/8/6
486,1,18,15/4/6
487,0.8784440842787682,15,6/3/16
488,0.8784440842787682,17,6/16/3
489,0.5787256450763559,16,3/18/4
490,0.5765104460756635,14,11/8/6
491,0.5805369127516778,15,19/5/1
492,0.19154228855721392,16,9/13/3
493,0.5048104131295982,14,9/10/6
494,0.26511369938990564,17,10/12/3
495,0.4084507042253521,18,10/5/10
496,0.3284834918858422,15,10/11/4
497,0.26511369938990564,18,10/12/3
498,0.6729845168179391,18,5/17/3
499,0.7568881685575365,18,16/6/3
500,0.4482173174872665,14,10/9/6
501,0.746125066809193,14,17/4/4
502,0.10473882606354336,15,1/15/9
503,0.6182201158504476,16,3/18/4
504,0.5048104131295982,17,10/6/9
505,1,17,6/15/4
506,0.4071146245059289,17,8/11/6
507,0.8754842280022136,15,6/5/14
508,1,16,15/4/6
509,0.6627318718381113,17,6/7/12
510,0.19154228855721392,19,13/3/9
511,0.6206174777603349,16,18/6/1
512,0.4482173174872665,19,9/10/6
513,0.2989343802579922,16,12/8/5
514,0.6182201158504476,15,18/4/3
515,0.4071146245059289,15,11/6/8
516,0.5048104131295982,18,10/6/9
517,0.8105035192203575,15,16/4/5
518,0.5048104131295982,17,10/9/6
519,0.19154228855721392,17,9/13/3
520,0.4071146245059289,16,11/6/8
521,0.5805369127516778,15,5/1/19
522,1,16,15/6/4
523,0.5048104131295982,19,6/10/9
524,0.19154228855721392,17,9/13/3
525,0.4084507042253521,15,10/10/5
526,0.6757543673901535,14,17/7/1
527,0.8784440842787682,20,3/16/6
528,1,16,6/4/15
529,0.3284834918858422,12,11/10/4
530,1,17,6/15/4
531,1,13,15/4/6
532,0.8784440842787682,18,6/16/3
533,0.5048104131295982,15,10/9/6
534,0.8784440842787682,16,16/6/3
535,0.8372219207813347,17,15/8/2
536,0.2601898380792853,16,12/9/4
537,0.4482173174872665,14,6/10/9
538,0.2601898380792853,16,9/4/12
539,0.5765104460756635,14,11/8/6
540,1,17,15/6/4
541,0.5048104131295982,15,6/9/10
542,0.4071146245059289,14,8/11/6
543,1,16,15/4/6
544,0.26511369938990564,17,10/3/12
545,0.27446102819237145,16,9/13/3
546,0.7738158594997339,14,17/6/2
547,0.4482173174872665,15,6/10/9
548,1,16,15/6/4
549,1,15,4/15/6
550,0.4071146245059289,17,6/8/11
551,0.35452526374236537,15,3/11/11
552,0.8784440842787682,15,16/3/6
553,0.4071146245059289,17,6/11/8
554,0.8784440842787682,17,16/6/3
555,0.4482173174872665,14,10/6/9
556,0.8784440842787682,17,16/6/3
557,0.9383561643835616,15,15/5/5
558,0.8754842280022136,17,14/6/5
559,0.4482173174872665,18,10/9/6
560,0.5139968895800933,14,3/3/19
561,0.4071146245059289,19,8/11/6
562,1,15,15/6/4
563,0.746125066809193,17,17/4/4
564,0.5765104460756635,14,11/6/8
565,0.8754842280022136,15,6/5/14
566,0.4071146245059289,19,11/8/6
567,1,16,15/6/4
568,0.8646453708716839,15,5/16/4
569,0.6757543673901535,14,7/17/1
570,0.1717283268912203,16,14/7/4
571,1,17,4/15/6
572,0.5048104131295982,17,10/9/6
573,1,17,15/4/6
574,0.4482173174872665,18,10/6/9
575,0.2601898380792853,17,4/9/12
576,0.5805369127516778,14,19/5/1
577,0.8567921440261866,17,7/15/3
578,0.8784440842787682,17,6/16/3
579,0.8754842280022136,15,14/5/6
580,0.4071146245059289,16,11/6/8
581,0.19154228855721392,18,13/9/3
582,0.5048104131295982,15,9/6/10
583,1,17,4/15/6
584,0.13185024416711882,14,15/8/2
585,1,16,4/15/6
586,0.8784440842787682,15,6/16/3
587,0.3284834918858422,15,11/4/10
588,0.20789327404113395,17,8/4/13
589,0.4327390599675851,16,16/6/3
590,0.4482173174872665,17,9/10/6
591,0.8754842280022136,16,14/6/5
592,0.8754842280022136,19,6/14/5
593,0.4482173174872665,15,10/9/6
594,0.8784440842787682,18,3/16/6
595,0.5048104131295982,19,10/9/6
596,0.19154228855721392,19,9/3/13
597,0.8567921440261866,13,15/7/3
598,1,17,6/15/4
599,1,19,15/6/4
600,0.7359644246803779,16,4/8/13
601,0.6757543673901535,16,7/17/1
602,0.4482173174872665,17,9/10/6
603,0.8784440842787682,16,16/3/6
604,0.4482173174872665,13,9/10/6
605,1,16,15/4/6
606,0.8754842280022136,16,5/14/6
607,0.10473882606354336,18,9/15/1
608,0.6028540656973613,16,15/1/9
609,0.5805369127516778,16,5/19/1
610,1,17,6/4/15
611,0.8646453708716839,18,16/5/4
612,0.3458075407990996,15,9/5/11
613,0.5048104131295982,17,9/6/10
614,1,18,15/6/4
615,0.5765104460756635,15,8/6/11
616,0.4071146245059289,15,11/8/6
617,0.8754842280022136,17,5/6/14
618,0.8784440842787682,15,6/16/3
619,0.4482173174872665,17,10/9/6
620,0.4482173174872665,19,9/10/6
621,0.4482173174872665,15,10/9/6
622,0.4482173174872665,16,9/10/6
623,1,15,15/4/6
624,0.8754842280022136,17,14/6/5
625,0.2989343802579922,17,8/12/5
626,0.2601898380792853,15,9/12/4
627,0.746125066809193,15,17/4/4
628,0.8784440842787682,14,6/16/3
629,0.8784440842787682,17,6/16/3
630,1,17,4/6/15
631,0.7738158594997339,18,6/17/2
632,0.7444862829478214,13,7/16/2
633,0.3774211400110681,15,14/5/6
634,0.4084507042253521,18,10/5/10
635,0.20789327404113395,19,13/8/4
636,0.8784440842787682,15,16/6/3
637,0.4482173174872665,15,6/9/10
638,0.8784440842787682,16,16/3/6
639,0.4482173174872665,15,10/6/9
640,0.8754842280022136,17,14/6/5
641,0.6182201158504476,15,18/3/4
642,0.8784440842787682,14,3/16/6
643,0.8567921440261866,16,3/15/7
644,0.4482173174872665,17,10/9/6
645,1,18,15/4/6
646,0.4071146245059289,18,6/8/11
647,1,17,6/15/4
648,0.5805369127516778,16,19/1/5
649,0.5765104460756635,19,8/11/6
650,0.5048104131295982,18,10/9/6
651,0.4482173174872665,16,10/6/9
652,0.8784440842787682,14,16/6/3
653,0.5139968895800933,16,19/3/3
654,1,17,4/6/15
655,1,17,15/6/4
656,1,17,4/15/6
657,0.6757543673901535,16,17/1/7
658,0.20789327404113395,18,8/13/4
659,0.746125066809193,16,4/17/4
660,0.8754842280022136,20,14/5/6
661,0.6862799776910207,14,13/5/7
662,0.8784440842787682,18,16/6/3
663,0.09301691216584834,16,15/7/3
664,0.6182201158504476,16,4/3/18
665,0.746125066809193,13,4/17/4
666,0.4071146245059289,17,11/6/8
667,0.5805369127516778,13,19/5/1
668,0.7444862829478214,15,16/7/2
669,0.8784440842787682,16,16/6/3
670,1,14,6/15/4
671,0.26511369938990564,16,3/10/12
672,1,15,4/15/6
673,0.4482173174872665,15,6/9/10
674,0.5048104131295982,15,9/10/6
675,0.4071146245059289,15,8/11/6
676,0.5048104131295982,15,9/10/6
677,0.5048104131295982,15,9/6/10
678,0.2601898380792853,14,4/12/9
679,1,18,4/6/15
680,0.26511369938990564,16,10/12/3
681,0.8784440842787682,17,6/16/3
682,0.4071146245059289,16,11/6/8
683,0.19154228855721392,15,9/13/3
684,0.5048104131295982,16,10/9/6
685,0.5805369127516778,16,19/1/5
686,0.8754842280022136,18,6/14/5
687,0.7397223705285638,17,17/3/5
688,0.6182201158504476,15,18/3/4
689,0.4482173174872665,15,6/10/9
690,0.746125066809193,14,4/17/4
691,0.4071146245059289,17,11/8/6
692,0.4482173174872665,17,10/9/6
693,0.5048104131295982,15,10/9/6
694,0.4482173174872665,14,10/6/9
695,0.4482173174872665,15,9/10/6
696,0.4071146245059289,13,8/11/6
697,0.4250425894378194,13,9/7/9
698,0.4482173174872665,18,6/9/10
699,0.26511369938990564,15,3/10/12
700,1,15,15/6/4
701,0.5048104131295982,14,9/10/6
702,0.26511369938990564,18,12/10/3
703,0.4482173174872665,13,10/6/9
704,0.5813074014046462,15,6/3/16
705,0.5765104460756635,16,8/11/6
706,0.8784440842787682,17,6/16/3
707,0.8754842280022136,17,6/14/5
708,0.2989343802579922,19,12/8/5
709,1,16,6/15/4
710,0.8784440842787682,14,16/3/6
711,0.5048104131295982,20,10/6/9
712,0.8784440842787682,12,16/6/3
713,0.746125066809193,14,17/4/4
714,1,16,15/6/4
715,0.8784440842787682,17,16/6/3
716,0.2601898380792853,17,12/4/9
717,0.4071146245059289,15,6/11/8
718,0.5048104131295982,15,9/10/6
719,1,17,15/6/4
720,0.8754842280022136,17,5/6/14
721,0.19154228855721392,16,13/3/9
722,0.4071146245059289,15,11/8/6
723,0.4482173174872665,17,9/6/10
724,0.5048104131295982,16,9/6/10
725,0.4482173174872665,14,9/10/6
726,0.6385706492089471,16,15/3/7
727,0.4482173174872665,15,9/6/10
728,0.6627318718381113,17,12/7/6
729,0.19154228855721392,14,13/9/3
730,0.5048104131295982,17,9/10/6
731,0.4071146245059289,12,6/11/8
732,0.8784440842787682,18,16/6/3
733,0.4071146245059289,17,6/11/8
734,0.6757543673901535,18,7/17/1
735,1,16,15/4/6
736,0.4071146245059289,15,6/8/11
737,1,17,15/6/4
738,0.1341396371632765,16,14/8/3
739,0.9383561643835616,17,15/5/5
740,0.8784440842787682,15,16/3/6
741,0.19442927362097215,14,14/9/2
742,0.8784440842787682,15,16/6/3
743,1,16,15/4/6
744,0.4071146245059289,16,11/8/6
745,0.7703943814154511,16,16/3/6
746,0.08118486012068021,13,10/13/2
747,0.4071146245059289,15,8/11/6
748,0.5048104131295982,15,10/9/6
749,0.4071146245059289,20,11/8/6
750,0.8567921440261866,16,15/7/3
751,0.8754842280022136,15,6/5/14
752,0.6206174777603349,17,18/6/1
753,0.8784440842787682,13,3/16/6
754,0.8784440842787682,14,16/3/6
755,0.7627024008933556,15,6/13/6
756,0.8567921440261866,17,7/15/3
757,1,17,15/4/6
758,0.2989343802579922,17,12/8/5
759,0.4071146245059289,17,8/11/6
760,0.26511369938990564,16,12/10/3
761,0.13185024416711882,16,15/8/2
762,0.19154228855721392,16,3/9/13
763,0.8317178244480344,14,1/9/15
764,0.8567921440261866,18,15/7/3
765,0.20789327404113395,17,8/13/4
766,0.4071146245059289,16,11/8/6
767,1,15,15/4/6
768,1,19,4/15/6
769,0.5048104131295982,18,10/9/6
770,0.8784440842787682,16,16/6/3
771,0.4071146245059289,18,6/8/11
772,0.5805369127516778,13,19/5/1
773,0.8754842280022136,16,14/6/5
774,0.37185929648241206,17,13/6/6
775,0.7568881685575365,17,16/6/3
776,0.19154228855721392,14,9/13/3
777,0.8784440842787682,14,3/16/6
778,0.4482173174872665,17,10/9/6
779,0.2601898380792853,19,12/9/4
780,0.8754842280022136,17,14/6/5
781,0.5048104131295982,16,9/10/6
782,0.3816750983698707,17,12/6/7
783,0.4071146245059289,15,11/6/8
784,0.5805369127516778,17,5/19/1
785,0.4482173174872665,19,9/6/10
786,0.5048104131295982,15,10/9/6
787,0.3902439024390244,16,10/8/7
788,0.8784440842787682,17,6/16/3
789,0.4071146245059289,14,11/8/6
790,0.6757543673901535,18,7/17/1
791,0.5048104131295982,17,6/9/10
792,0.6729845168179391,16,17/5/3
793,0.20789327404113395,18,4/13/8
794,0.5784964068546158,16,3/13/9
795,1,14,6/15/4
796,0.6729845168179391,16,17/5/3
797,0.19154228855721392,16,3/13/9
798,0.4482173174872665,15,10/6/9
799,0.8784440842787682,13,6/16/3
800,0.4268976057055527,16,20/2/3
801,0.5474492594624246,17,13/2/10
802,0.26511369938990564,15,3/12/10
803,1,15,15/4/6
804,0.5765104460756635,17,11/6/8
805,1,16,15/4/6
806,1,18,15/6/4
807,0.8784440842787682,15,16/3/6
808,0.3284834918858422,14,11/10/4
809,0.4071146245059289,15,11/6/8
810,0.4084507042253521,16,10/10/5
811,0.19154228855721392,13,3/9/13
812,0.8784440842787682,16,16/6/3
813,0.4071146245059289,16,11/8/6
814,0.8784440842787682,19,16/3/6
815,0.1341396371632765,17,8/14/3
816,0.6729845168179391,15,17/5/3
817,0.4482173174872665,14,9/6/10
818,0.26511369938990564,17,10/12/3
819,0.4482173174872665,17,9/10/6
820,0.6182201158504476,14,4/18/3
821,0.4071146245059289,15,11/8/6
822,0.8784440842787682,15,3/16/6
823,0.4084507042253521,14,10/10/5
824,0.3284834918858422,17,10/4/11
825,0.38885730528709495,14,9/8/8
826,0.8567921440261866,16,3/15/7
827,0.8784440842787682,17,16/6/3
828,0.4071146245059289,15,11/6/8
829,0.4482173174872665,16,10/6/9
830,0.26511369938990564,18,12/10/3
831,0.5805369127516778,14,5/19/1
832,0.6729845168179391,16,5/17/3
833,1,14,15/6/4
834,0.3284834918858422,15,4/11/10
835,0.4482173174872665,16,10/6/9
836,0.7738158594997339,14,6/2/17
837,0.8784440842787682,18,16/3/6
838,0.8567921440261866,15,15/7/3
839,1,17,15/6/4
840,0.8063087991145546,16,5/6/14
841,0.8784440842787682,17,16/6/3
842,0.4482173174872665,17,10/9/6
843,0.4071146245059289,17,8/11/6
844,0.8784440842787682,15,16/3/6
845,0.5765104460756635,20,8/6/11
846,0.8784440842787682,16,16/6/3
847,0.4071146245059289,16,8/11/6
848,0.5048104131295982,14,10/9/6
849,0.5765104460756635,19,11/8/6
850,0.6757543673901535,17,17/1/7
851,0.5048104131295982,19,10/9/6
852,0.8784440842787682,17,6/16/3
853,0.8784440842787682,16,6/16/3
854,1,17,4/6/15
855,0.5048104131295982,18,9/10/6
856,1,16,4/15/6
857,0.3458075407990996,15,11/9/5
858,0.26139561057962857,13,9/5/11
859,0.6346261944912872,16,6/12/7
860,0.4071146245059289,17,11/8/6
861,0.26511369938990564,15,10/12/3
862,1,16,15/6/4
863,0.5805369127516778,15,19/5/1
864,0.6729845168179391,16,17/5/3
865,1,16,4/15/6
866,0.2601898380792853,18,12/9/4
867,0.8567921440261866,18,7/15/3
868,0.6729845168179391,19,3/17/5
869,0.4482173174872665,17,9/6/10
870,1,15,15/6/4
871,0.8784440842787682,17,16/3/6
872,0.6182201158504476,11,18/3/4
873,0.26511369938990564,20,3/12/10
874,0.19154228855721392,17,9/13/3
875,0.8784440842787682,19,16/3/6
876,0.8784440842787682,15,6/16/3
877,0.8754842280022136,15,14/6/5
878,0.6182201158504476,18,18/4/3
879,0.144286466561348,13,4/18/3
880,0.5048104131295982,14,6/10/9
881,0.4482173174872665,15,9/10/6
882,0.8754842280022136,16,14/5/6
883,0.6729845168179391,15,17/5/3
884,0.8784440842787682,15,16/6/3
885,0.4071146245059289,16,11/8/6
886,0.5048104131295982,17,9/10/6
887,0.2601898380792853,17,9/12/4
888,0.19154228855721392,18,13/9/3
889,0.746125066809193,16,17/4/4
890,0.5765104460756635,14,6/8/11
891,0.9383561643835616,16,15/5/5
892,0.8784440842787682,17,16/6/3
893,0.6729845168179391,18,3/5/17
894,0.2989343802579922,17,8/12/5
895,0.5765104460756635,14,8/11/6
896,0.5805369127516778,16,19/5/1
897,0.746125066809193,16,4/17/4
898,0.4071146245059289,15,11/6/8
899,0.6751488900920413,17,1/14/10
900,0.746125066809193,16,8/16/1
901,0.3902439024390244,16,10/8/7
902,0.4071146245059289,17,11/8/6
903,0.4084507042253521,15,10/10/5
904,1,15,15/6/4
905,0.8784440842787682,18,16/6/3
906,0.1341396371632765,14,3/14/8
907,0.19154228855721392,16,13/9/3
908,0.4071146245059289,17,11/6/8
909,1,19,6/4/15
910,0.6345425013535464,16,4/16/5
911,0.4482173174872665,15,10/6/9
912,0.746125066809193,16,1/8/16
913,0.6729845168179391,15,5/17/3
914,0.4482173174872665,15,10/9/6
915,0.4071146245059289,18,11/6/8
916,0.746125066809193,16,17/4/4
917,0.4482173174872665,18,10/6/9
918,0.19154228855721392,17,13/9/3
919,0.5805369127516778,18,19/5/1
920,0.5048104131295982,16,6/10/9
921,0.746125066809193,16,4/17/4
922,1,18,15/6/4
923,0.26511369938990564,15,12/10/3
924,0.4071146245059289,17,8/6/11
925,0.8754842280022136,16,5/14/6
926,0.6182201158504476,15,18/4/3
927,0.4482173174872665,19,6/10/9
928,0.8784440842787682,14,6/16/3
929,0.8784440842787682,15,6/16/3
930,0.4071146245059289,16,11/8/6
931,0.8784440842787682,15,6/16/3
932,0.19442927362097215,15,9/14/2
933,1,17,15/6/4
934,0.4482173174872665,14,9/10/6
935,0.5805369127516778,17,19/5/1
936,0.5048104131295982,14,10/9/6
937,0.4482173174872665,16,9/6/10
938,0.4482173174872665,17,9/10/6
939,0.5805369127516778,16,19/5/1
940,0.4482173174872665,15,10/6/9
941,0.6729845168179391,19,17/3/5
942,0.6050552922590837,15,4/3/18
943,0.6445497630331753,14,18/4/3
944,0.6182201158504476,17,18/3/4
945,0.5765104460756635,16,11/6/8
946,0.3788819875776398,15,11/8/6
947,1,15,15/6/4
948,0.38885730528709495,14,8/9/8
949,0.1341396371632765,14,8/14/3
950,0.20789327404113395,14,4/13/8
951,0.4071146245059289,15,11/6/8
952,0.8754842280022136,15,14/5/6
953,1,14,15/4/6
954,0.26511369938990564,19,10/12/3
955,1,15,6/15/4
956,0.5048104131295982,16,6/10/9
957,0.8754842280022136,18,5/6/14
958,0.1341396371632765,17,14/8/3
959,1,18,6/15/4
960,0.8784440842787682,17,3/16/6
961,0.4071146245059289,15,6/11/8
962,0.5805369127516778,17,19/1/5
963,0.5048104131295982,18,6/10/9
964,0.746125066809193,16,17/4/4
965,0.20789327404113395,16,8/13/4
966,0.05899626268019223,15,5/17/3
967,0.4071146245059289,18,11/8/6
968,0.8317178244480344,18,15/9/1
969,0.1341396371632765,17,8/14/3
970,0.4482173174872665,17,6/9/10
971,0.6757543673901535,15,17/7/1
972,0.6182201158504476,17,18/3/4
973,0.4071146245059289,17,8/11/6
974,1,17,15/4/6
975,0.6757543673901535,14,7/17/1
976,1,17,6/15/4
977,0.19154228855721392,16,13/9/3
978,0.35452526374236537,15,11/11/3
979,0.19536984754376063,13,6/11/8
980,0.4482173174872665,16,9/10/6
981,0.5805369127516778,15,19/5/1
982,1,16,4/6/15
983,0.8567921440261866,16,15/7/3
984,0.8784440842787682,14,16/6/3
985,0.19154228855721392,16,9/13/3
986,0.2166025288620121,13,8/14/3
987,0.8754842280022136,14,14/5/6
988,0.4482173174872665,20,6/10/9
989,0.4071146245059289,15,6/11/8
990,0.2989343802579922,17,5/8/12
991,0.3284834918858422,14,11/10/4
992,0.26511369938990564,16,12/10/3
993,0.21832144816236973,15,13/10/2
994,1,20,15/6/4
995,0.1341396371632765,16,8/14/3
996,0.6673762639701969,12,2/6/17
997,0.6182201158504476,16,3/18/4
998,0.5139968895800933,17,3/19/3
999,0.8784440842787682,16,3/6/16
1000,0.4071146245059289,17,8/6/11
