variable,wavenumber,VIP_comp1,VIP_comp2,VIP_comp3,VIP_max,gap_cm1,vip_region
wn_876.29,876.29,1.0453894245940818,0.8375745343656948,0.8158400801797515,1.0453894245940818,0,0
wn_878.22,878.22,1.1572733319786421,0.9284528961346343,0.8885732975421875,1.1572733319786421,1.9300000000000637,0
wn_880.15,880.15,1.2765578556005526,1.0255062834080109,0.97111275941258,1.2765578556005526,1.92999999999995,0
wn_882.08,882.08,1.391434246690985,1.1190929661455247,1.0554278979496714,1.391434246690985,1.9300000000000637,0
wn_884.01,884.01,1.4895906727393255,1.1991889601983083,1.1320467299265025,1.4895906727393255,1.92999999999995,0
wn_885.94,885.94,1.562470087944187,1.2588299922276995,1.1934033242448217,1.562470087944187,1.9300000000000637,0
wn_887.87,887.87,1.6081685302058488,1.2964487106631792,1.2364658691501829,1.6081685302058488,1.92999999999995,0
wn_889.8,889.8,1.6307846974611497,1.3153402420062519,1.2627915221267425,1.6307846974611497,1.92999999999995,0
wn_891.73,891.73,1.6371577855049935,1.3210224269559718,1.2764406828336692,1.6371577855049935,1.9300000000000637,0
wn_893.66,893.66,1.6338517824438237,1.3187961434723616,1.2817620126514695,1.6338517824438237,1.92999999999995,0
wn_895.59,895.59,1.6258698892669254,1.3127016228968043,1.2822774755460422,1.6258698892669254,1.9300000000000637,0
wn_897.52,897.52,1.6166023138350722,1.3054732030262288,1.280485015992252,1.6166023138350722,1.92999999999995,0
wn_899.45,899.45,1.6081354015711438,1.298789418595089,1.2780054631291462,1.6081354015711438,1.9300000000000637,0
wn_901.38,901.38,1.6015862426275218,1.2935471660092528,1.275793857468853,1.6015862426275218,1.92999999999995,0
wn_903.31,903.31,1.5973907142171961,1.290100290626814,1.2743228982836758,1.5973907142171961,1.92999999999995,0
wn_905.24,905.24,1.595504384818454,1.2884225387267612,1.2737061920554114,1.595504384818454,1.9300000000000637,0
wn_907.17,907.17,1.5955629577091752,1.2882339026413185,1.2738102847627335,1.5955629577091752,1.92999999999995,0
wn_909.1,909.1,1.5970225553256812,1.2891162171580093,1.2743814474332111,1.5970225553256812,1.9300000000000637,0
wn_911.03,911.03,1.599242287630597,1.2905832956917669,1.2751342367117395,1.599242287630597,1.92999999999995,0
wn_912.96,912.96,1.6015532189008026,1.2921339515947696,1.2757955129938203,1.6015532189008026,1.9300000000000637,0
wn_914.89,914.89,1.6033718217101727,1.2933423209397565,1.2761578292292617,1.6033718217101727,1.92999999999995,0
wn_916.83,916.83,1.604311571943577,1.2939494945150198,1.2761322927159984,1.604311571943577,1.9400000000000546,0
wn_918.76,918.76,1.6042441788206194,1.293907218349255,1.2757600222539196,1.6042441788206194,1.92999999999995,0
wn_920.69,920.69,1.6032952865968226,1.2933635582412943,1.2751822417599792,1.6032952865968226,1.9300000000000637,0
wn_922.62,922.62,1.6017588731809798,1.2925886260067065,1.2745810289997739,1.6017588731809798,1.92999999999995,0
wn_924.55,924.55,1.599964864403759,1.2918713671538162,1.2741168832890735,1.599964864403759,1.92999999999995,0
wn_926.48,926.48,1.5981819415713998,1.2914484700614812,1.273900889123766,1.5981819415713998,1.9300000000000637,0
wn_928.41,928.41,1.5964737646545384,1.2913747104987512,1.2739676984430963,1.5964737646545384,1.92999999999995,0
wn_930.34,930.34,1.5949338809226248,1.2917355214289374,1.2743392713951385,1.5949338809226248,1.9300000000000637,0
wn_932.27,932.27,1.593631970142332,1.292582082133323,1.2749991690824813,1.593631970142332,1.92999999999995,0
wn_934.2,934.2,1.5926195953727307,1.2939224288173232,1.2758996525313073,1.5926195953727307,1.9300000000000637,0
wn_936.13,936.13,1.5919030778008936,1.2956952154489172,1.2769648860369511,1.5919030778008936,1.92999999999995,0
wn_938.06,938.06,1.591465265004307,1.2977964619154936,1.2781082611909886,1.591465265004307,1.92999999999995,0
wn_939.99,939.99,1.5913424226283615,1.300161793967574,1.2792820751698728,1.5913424226283615,1.9300000000000637,0
wn_941.92,941.92,1.5916677855601749,1.3028259792150825,1.2805294341346731,1.5916677855601749,1.92999999999995,0
wn_943.85,943.85,1.5926427274307948,1.3059136405937917,1.2819851883988727,1.5926427274307948,1.9300000000000637,0
wn_945.78,945.78,1.5944593163323373,1.309574304887691,1.2838161747202341,1.5944593163323373,1.92999999999995,0
wn_947.71,947.71,1.5972230516584114,1.3139089178756818,1.2861446632104678,1.5972230516584114,1.9300000000000637,0
wn_949.64,949.64,1.6009224784342828,1.3189334513800008,1.2890094108822883,1.6009224784342828,1.92999999999995,0
wn_951.57,951.57,1.6054495892003706,1.3245864335740247,1.292377842672542,1.6054495892003706,1.9300000000000637,0
wn_953.5,953.5,1.6106274420884457,1.3307511187450929,1.2961785237520038,1.6106274420884457,1.92999999999995,0
wn_955.43,955.43,1.6162216071877735,1.3372676064056486,1.3003139838373377,1.6162216071877735,1.92999999999995,0
wn_957.36,957.36,1.6219625237963777,1.3439452210122511,1.304656764164903,1.6219625237963777,1.9300000000000637,0
wn_959.29,959.29,1.627589635472752,1.350590830775424,1.3090614232359479,1.627589635472752,1.92999999999995,0
wn_961.22,961.22,1.6328751902884389,1.3570306332459736,1.3133849598150937,1.6328751902884389,1.9300000000000637,0
wn_963.15,963.15,1.637623748970257,1.3631119385003503,1.3174923768346722,1.637623748970257,1.92999999999995,0
wn_965.08,965.08,1.641680283647627,1.3687003462947074,1.3212530001851617,1.641680283647627,1.9300000000000637,0
wn_967.01,967.01,1.6449447263225747,1.3736823768406867,1.3245437547295176,1.6449447263225747,1.92999999999995,0
wn_968.94,968.94,1.6473803371397238,1.3779786224482031,1.3272711831040578,1.6473803371397238,1.9300000000000637,0
wn_970.87,970.87,1.649008156505486,1.381555459995448,1.3293938193769705,1.649008156505486,1.92999999999995,0
wn_972.8,972.8,1.6498866026500636,1.384417172532079,1.3309142925294482,1.6498866026500636,1.92999999999995,0
wn_974.73,974.73,1.6500938452693101,1.3865881445957833,1.3318522933359096,1.6500938452693101,1.9300000000000637,0
wn_976.66,976.66,1.6497292353239073,1.3881050576712592,1.3322328586020125,1.6497292353239073,1.92999999999995,0
wn_978.59,978.59,1.6489125986275568,1.3890139892865512,1.3320883286997636,1.6489125986275568,1.9300000000000637,0
wn_980.52,980.52,1.6477743569801802,1.3893688529100086,1.331462074211541,1.6477743569801802,1.92999999999995,0
wn_982.45,982.45,1.6464538435687657,1.38923583440395,1.3304106542189449,1.6464538435687657,1.9300000000000637,0
wn_984.38,984.38,1.6451038987538216,1.3887004636271172,1.3290060494414897,1.6451038987538216,1.92999999999995,0
wn_986.31,986.31,1.643881514799915,1.3878682930571105,1.3273375476867861,1.643881514799915,1.92999999999995,0
wn_988.24,988.24,1.6429240446034297,1.3868507815781113,1.32550123363844,1.6429240446034297,1.9300000000000637,0
wn_990.17,990.17,1.6423348908827653,1.3857455416946518,1.3235798742405802,1.6423348908827653,1.92999999999995,0
wn_992.1,992.1,1.642181343586694,1.3846261501659143,1.321632551297331,1.642181343586694,1.9300000000000637,0
wn_994.03,994.03,1.6424943037205677,1.3835456545032232,1.319700902406713,1.6424943037205677,1.92999999999995,0
wn_995.96,995.96,1.643269761122283,1.3825447549490613,1.3178202760690785,1.643269761122283,1.9300000000000637,0
wn_997.89,997.89,1.6444684977006172,1.3816537625082628,1.3160234912685331,1.6444684977006172,1.92999999999995,0
wn_999.82,999.82,1.6460118382120188,1.380887358080104,1.3143357127647664,1.6460118382120188,1.9300000000000637,0
wn_1001.75,1001.75,1.6477841079523246,1.380240061900948,1.3127662673447902,1.6477841079523246,1.92999999999995,0
wn_1003.68,1003.68,1.6496576224036539,1.3796958940651523,1.311314197189563,1.6496576224036539,1.92999999999995,0
wn_1005.61,1005.61,1.6515214171574149,1.3792440994652344,1.3099830809802038,1.6515214171574149,1.9300000000000637,0
wn_1007.54,1007.54,1.653288727134609,1.3788828867883205,1.3087849180737459,1.653288727134609,1.92999999999995,0
wn_1009.47,1009.47,1.6548888930327617,1.378609958071257,1.3077289188818642,1.6548888930327617,1.9300000000000637,0
wn_1011.4,1011.4,1.6562635373936114,1.378412364943549,1.3068091266061346,1.6562635373936114,1.92999999999995,0
wn_1013.33,1013.33,1.65737420398791,1.3782703659727977,1.306008624621358,1.65737420398791,1.9300000000000637,0
wn_1015.26,1015.26,1.658211438112623,1.3781740917280465,1.3053188119275332,1.658211438112623,1.92999999999995,0
wn_1017.19,1017.19,1.6587814617247594,1.3781254830184233,1.3047426519476073,1.6587814617247594,1.9300000000000637,0
wn_1019.12,1019.12,1.6590800119760962,1.3781216265569605,1.3042769719642135,1.6590800119760962,1.92999999999995,0
wn_1021.05,1021.05,1.659089387433707,1.3781470003559049,1.303903822210417,1.659089387433707,1.92999999999995,0
wn_1022.98,1022.98,1.6587950256496269,1.3781802626073147,1.303597851488845,1.6587950256496269,1.9300000000000637,0
wn_1024.91,1024.91,1.6581917316054886,1.3781991810041876,1.3033322266707197,1.6581917316054886,1.9300000000000637,0
wn_1026.84,1026.84,1.6572804319426535,1.37818373018312,1.3030817897161433,1.6572804319426535,1.9299999999998363,0
wn_1028.77,1028.77,1.6560738271710593,1.378123729419852,1.3028303353517725,1.6560738271710593,1.9300000000000637,0
wn_1030.7,1030.7,1.6546004472279237,1.3780226497312045,1.3025750700314425,1.6546004472279237,1.9300000000000637,0
wn_1032.63,1032.63,1.652890165187461,1.3778885803072696,1.3023187409899466,1.652890165187461,1.9300000000000637,0
wn_1034.56,1034.56,1.650957462103192,1.3777223005181047,1.302057639399066,1.650957462103192,1.9299999999998363,0
wn_1036.49,1036.49,1.6487986548209428,1.37751439738964,1.301778001918317,1.6487986548209428,1.9300000000000637,0
wn_1038.42,1038.42,1.6463967746813086,1.3772505015453593,1.301461500008334,1.6463967746813086,1.9300000000000637,0
wn_1040.36,1040.36,1.6437201256858223,1.3769087322506937,1.3010828094313114,1.6437201256858223,1.9399999999998272,0
wn_1042.29,1042.29,1.6407248828737349,1.3764543289776505,1.3006036799500003,1.6407248828737349,1.9300000000000637,0
wn_1044.22,1044.22,1.637366598475701,1.3758413822594624,1.299974456945473,1.637366598475701,1.9300000000000637,0
wn_1046.15,1046.15,1.6336142776958968,1.375021956109309,1.2991434826012942,1.6336142776958968,1.9300000000000637,0
wn_1048.08,1048.08,1.6294668370917686,1.3739587751137863,1.298069963565278,1.6294668370917686,1.9299999999998363,0
wn_1050.01,1050.01,1.6249700305482475,1.3726380715359878,1.2967369997692633,1.6249700305482475,1.9300000000000637,0
wn_1051.94,1051.94,1.6202161010097307,1.371070529917214,1.2951523886079535,1.6202161010097307,1.9300000000000637,0
wn_1053.87,1053.87,1.615309216181839,1.3692714291223111,1.2933286784143976,1.615309216181839,1.9299999999998363,0
wn_1055.8,1055.8,1.6103236156316836,1.3672347483738787,1.2912574723797818,1.6103236156316836,1.9300000000000637,0
wn_1057.73,1057.73,1.6052884920486377,1.364923579678441,1.2889008216349842,1.6052884920486377,1.9300000000000637,0
wn_1059.66,1059.66,1.6001914436508713,1.3622755948905305,1.2861985353844239,1.6001914436508713,1.9300000000000637,0
wn_1061.59,1061.59,1.5949725979913096,1.359205687231265,1.2830724668691118,1.5949725979913096,1.9299999999998363,0
wn_1063.52,1063.52,1.5895074293680485,1.355597718567621,1.2794188042866086,1.5895074293680485,1.9300000000000637,0
wn_1065.45,1065.45,1.5836109421891231,1.3513069700980378,1.275110095472048,1.5836109421891231,1.9300000000000637,0
wn_1067.38,1067.38,1.5770743199371826,1.3461873822417518,1.270021628978617,1.5770743199371826,1.9300000000000637,0
wn_1069.31,1069.31,1.5696968066597288,1.3401256875677838,1.2640643590796672,1.5696968066597288,1.9299999999998363,0
wn_1071.24,1071.24,1.5613022599179394,1.3330769115300127,1.2572179834358883,1.5613022599179394,1.9300000000000637,0
wn_1073.17,1073.17,1.551769419872379,1.3251066957638042,1.2495677636499882,1.551769419872379,1.9300000000000637,0
wn_1075.1,1075.1,1.5410870234495742,1.3164365876164954,1.241340366435871,1.5410870234495742,1.9299999999998363,0
wn_1077.03,1077.03,1.5294056445035487,1.3074750343250499,1.2329234351547762,1.5294056445035487,1.9300000000000637,0
wn_1078.96,1078.96,1.517050860866119,1.2988134803146414,1.2248545694946884,1.517050860866119,1.9300000000000637,0
wn_1080.89,1080.89,1.5044739426089249,1.2911622340200064,1.2177618741697864,1.5044739426089249,1.9300000000000637,0
wn_1082.82,1082.82,1.4921252061738146,1.2852021773420395,1.2122358148994756,1.4921252061738146,1.9299999999998363,0
wn_1084.75,1084.75,1.4802922762586654,1.2813811293253439,1.2086573102022617,1.4802922762586654,1.9300000000000637,0
wn_1086.68,1086.68,1.4689827605417027,1.2797455160226194,1.2070592160735907,1.4689827605417027,1.9300000000000637,0
wn_1088.61,1088.61,1.4579276002181272,1.2799195070522875,1.2071124287101944,1.4579276002181272,1.9299999999998363,0
wn_1090.54,1090.54,1.4467176846846288,1.2812613806363242,1.2082594364334838,1.4467176846846288,1.9300000000000637,0
wn_1092.47,1092.47,1.4349969841064907,1.283095595516233,1.2099121156348398,1.4349969841064907,1.9300000000000637,0
wn_1094.4,1094.4,1.4225706219709182,1.2848710370759349,1.2115860206698086,1.4225706219709182,1.9300000000000637,0
wn_1096.33,1096.33,1.409357189833289,1.2861897616957456,1.2129207901712866,1.409357189833289,1.9299999999998363,0
wn_1098.26,1098.26,1.3952414302275333,1.2867603465729673,1.2136359044956957,1.3952414302275333,1.9300000000000637,0
wn_1100.19,1100.19,1.3799390776251559,1.286336868309676,1.2134780324311703,1.3799390776251559,1.9300000000000637,0
wn_1102.12,1102.12,1.3629768575133363,1.2846820752822794,1.212193538983412,1.3629768575133363,1.9299999999998363,0
wn_1104.05,1104.05,1.3437646303945523,1.2815625658160281,1.2095305581242477,1.3437646303945523,1.9300000000000637,0
wn_1105.98,1105.98,1.3216445004981368,1.2767514700741887,1.2052461677411088,1.3216445004981368,1.9300000000000637,0
wn_1107.91,1107.91,1.2958585586407132,1.270006420036507,1.1990877628907142,1.2958585586407132,1.9300000000000637,0
wn_1109.84,1109.84,1.2654717084729612,1.261026611354978,1.1907526162715807,1.2654717084729612,1.9299999999998363,0
wn_1111.77,1111.77,1.2292997276639601,1.2494177574991978,1.1798544514932614,1.2494177574991978,1.9300000000000637,0
wn_1113.7,1113.7,1.185863656750846,1.2346795390949112,1.1659120920771435,1.2346795390949112,1.9300000000000637,0
wn_1115.63,1115.63,1.1333892729609896,1.2162271551312873,1.1483723421368082,1.2162271551312873,1.9300000000000637,0
wn_1117.56,1117.56,1.0698685514637334,1.1934479540324625,1.126666298670508,1.1934479540324625,1.9299999999998363,0
wn_1119.49,1119.49,0.9931950152790391,1.1657968995545356,1.1003008683377713,1.1657968995545356,1.9300000000000637,0
wn_1121.42,1121.42,0.9014642401459056,1.1329795456370004,1.069031520824912,1.1329795456370004,1.9300000000000637,0
wn_1123.35,1123.35,0.7936169674082477,1.0952984704120332,1.033189025752438,1.0952984704120332,1.9299999999998363,0
wn_1125.28,1125.28,0.6704667590362292,1.0541372901309414,0.9941335359085046,1.0541372901309414,1.9300000000000637,0
wn_1127.21,1127.21,0.5357750058740957,1.0122992643357487,0.9545607241059885,1.0122992643357487,1.9300000000000637,0
wn_1150.37,1150.37,0.25520547523063597,1.020595687618151,0.9641437453016414,1.020595687618151,23.159999999999854,1
wn_1152.3,1152.3,0.3014639830969207,1.0408146581772102,0.9837760335706726,1.0408146581772102,1.9300000000000637,1
wn_1154.23,1154.23,0.3298339364360617,1.0564110354346876,0.9989030385381883,1.0564110354346876,1.9300000000000637,1
wn_1156.16,1156.16,0.33721677258785543,1.0662930576773224,1.0084357201504666,1.0662930576773224,1.9300000000000637,1
wn_1158.09,1158.09,0.3217300658697849,1.0700098420872894,1.0119167841195287,1.0700098420872894,1.9299999999998363,1
wn_1160.02,1160.02,0.2822754791748789,1.067684832955285,1.009457342805467,1.067684832955285,1.9300000000000637,1
wn_1161.96,1161.96,0.21833230283193875,1.060004124602638,1.0017316766721118,1.060004124602638,1.9400000000000546,1
wn_1163.89,1163.89,0.13012545776045883,1.0483031359372632,0.9900665062758981,1.0483031359372632,1.9300000000000637,1
wn_1165.82,1165.82,0.019138671711523534,1.0346704147525454,0.9765413676935164,1.0346704147525454,1.9299999999998363,1
wn_1167.75,1167.75,0.11120679413360689,1.0218985183970801,0.9639340152399897,1.0218985183970801,1.9300000000000637,1
wn_1169.68,1169.68,0.25517489967239815,1.0130659825146617,0.9552989034490301,1.0130659825146617,1.9300000000000637,1
wn_1171.61,1171.61,0.40519281310912164,1.0107069964894921,0.9531363994150359,1.0107069964894921,1.9299999999998363,1
wn_1173.54,1173.54,0.5531684553230068,1.0159413384389213,0.9585282176356448,1.0159413384389213,1.9300000000000637,1
wn_1175.47,1175.47,0.6920218114883786,1.0281355511582397,0.9708131429350281,1.0281355511582397,1.9300000000000637,1
wn_1177.4,1177.4,0.8168041759136635,1.0453359125316992,0.9880338152269439,1.0453359125316992,1.9300000000000637,1
wn_1179.33,1179.33,0.9250728043846875,1.0651428108590848,1.0078108868009252,1.0651428108590848,1.9299999999998363,1
wn_1181.26,1181.26,1.0165175933970922,1.0854454858754519,1.0280679224541656,1.0854454858754519,1.9300000000000637,1
wn_1183.19,1183.19,1.0922461531088552,1.10474505921665,1.0473451528739024,1.10474505921665,1.9300000000000637,1
wn_1185.12,1185.12,1.1541269557744833,1.122167809776081,1.064807021406569,1.1541269557744833,1.9299999999998363,1
wn_1187.05,1187.05,1.204290348863647,1.1373253088079804,1.0801027726204777,1.204290348863647,1.9300000000000637,1
wn_1188.98,1188.98,1.2448023025341208,1.1501390934980593,1.0931942375077022,1.2448023025341208,1.9300000000000637,1
wn_1190.91,1190.91,1.2775404320958885,1.1607169120998255,1.1042302524401157,1.2775404320958885,1.9300000000000637,1
wn_1192.84,1192.84,1.3042134220261412,1.1692920125691932,1.1134825785948734,1.3042134220261412,1.9299999999998363,1
wn_1194.77,1194.77,1.326422817947203,1.176194410271493,1.1213166278800055,1.326422817947203,1.9300000000000637,1
wn_1196.7,1196.7,1.3456987083023733,1.1818314721380476,1.1281686680675156,1.3456987083023733,1.9300000000000637,1
wn_1198.63,1198.63,1.363484338189272,1.186667523307393,1.134521589666128,1.363484338189272,1.9300000000000637,1
wn_1200.56,1200.56,1.3810489646094979,1.191188019804483,1.1408714438721688,1.3810489646094979,1.9299999999998363,1
wn_1202.49,1202.49,1.3993429936556578,1.1958482711051936,1.1476736416997053,1.3993429936556578,1.9300000000000637,1
wn_1204.42,1204.42,1.4188566916385559,1.2010146940210333,1.1552681500826292,1.4188566916385559,1.9300000000000637,1
wn_1206.35,1206.35,1.4395296844646606,1.2068960989117035,1.1637961794947167,1.4395296844646606,1.9299999999998363,1
wn_1208.28,1208.28,1.4607552138138606,1.2134821637191433,1.1731388378885723,1.4607552138138606,1.9300000000000637,1
wn_1210.21,1210.21,1.4815581148123156,1.2205452685740723,1.1829336005217077,1.4815581148123156,1.9300000000000637,1
wn_1212.14,1212.14,1.5009185796371984,1.2277252573019697,1.1926838580727674,1.5009185796371984,1.9300000000000637,1
wn_1214.07,1214.07,1.5180541958341993,1.2346398417791444,1.20189275225879,1.5180541958341993,1.9299999999998363,1
wn_1216,1216,1.5325321606230469,1.240962159584362,1.2101558142780453,1.5325321606230469,1.9300000000000637,1
wn_1217.93,1217.93,1.544241541620868,1.2464575360553,1.217203115653153,1.544241541620868,1.9300000000000637,1
wn_1219.86,1219.86,1.5532881255693145,1.250981519850991,1.2228909881961496,1.5532881255693145,1.9299999999998363,1
wn_1221.79,1221.79,1.55987959152451,1.2544605584328128,1.2271640774595307,1.55987959152451,1.9300000000000637,1
wn_1223.72,1223.72,1.5642574592445975,1.2568853237865742,1.2300260640995522,1.5642574592445975,1.9300000000000637,1
wn_1225.65,1225.65,1.5666440936185373,1.2582920383416933,1.2315115085518287,1.5666440936185373,1.9300000000000637,1
wn_1227.58,1227.58,1.5671806288245893,1.2587183116549052,1.231660210357683,1.5671806288245893,1.9299999999998363,1
wn_1229.51,1229.51,1.5658999852351645,1.2581778975414961,1.2305157248543042,1.5658999852351645,1.9300000000000637,1
wn_1231.44,1231.44,1.5627347697035554,1.2566615217577992,1.228127008307068,1.5627347697035554,1.9300000000000637,1
wn_1233.37,1233.37,1.557531831942226,1.2541403047817148,1.2245410436476591,1.557531831942226,1.9299999999998363,1
wn_1235.3,1235.3,1.5500859926895727,1.250581115034479,1.2198023162444973,1.5500859926895727,1.9300000000000637,1
wn_1237.23,1237.23,1.5401927297149804,1.245974108689289,1.213961827963522,1.5401927297149804,1.9300000000000637,1
wn_1239.16,1239.16,1.5277058076795813,1.2403574413756495,1.2070945204942485,1.5277058076795813,1.9300000000000637,1
wn_1241.09,1241.09,1.5126002346585818,1.2338375014253498,1.1993231393750985,1.5126002346585818,1.9299999999998363,1
wn_1243.02,1243.02,1.4950197746249365,1.226594208135749,1.1908298095712426,1.4950197746249365,1.9300000000000637,1
wn_1244.95,1244.95,1.4752875712801652,1.2188601993315435,1.1818518929730668,1.4752875712801652,1.9300000000000637,1
wn_1246.88,1246.88,1.4538592681973985,1.2108729357438834,1.172650396126779,1.4538592681973985,1.9300000000000637,1
wn_1248.81,1248.81,1.431241241320613,1.2028354442687823,1.1634602945348866,1.431241241320613,1.9299999999998363,1
wn_1250.74,1250.74,1.4079247572276776,1.1949103430082668,1.154460821714105,1.4079247572276776,1.9300000000000637,1
wn_1252.67,1252.67,1.3843456566942258,1.1872207353431883,1.1457749604609262,1.3843456566942258,1.9300000000000637,1
wn_1254.6,1254.6,1.3608764332872891,1.179855557442934,1.1374863152866752,1.3608764332872891,1.9299999999998363,1
wn_1256.53,1256.53,1.3378897065512354,1.172910919153906,1.129678398011237,1.3378897065512354,1.9300000000000637,1
wn_1258.46,1258.46,1.3158429345272178,1.1665336003213158,1.1224715750967282,1.3158429345272178,1.9300000000000637,1
wn_1260.39,1260.39,1.2952426996182456,1.1608881953960257,1.1160008480173615,1.2952426996182456,1.9300000000000637,1
wn_1262.32,1262.32,1.276502849742445,1.1560703378860897,1.1103524786030685,1.276502849742445,1.9299999999998363,1
wn_1264.25,1264.25,1.259900586880704,1.1520919726053005,1.1055514821698198,1.259900586880704,1.9300000000000637,1
wn_1266.18,1266.18,1.2456749258457067,1.1489627093734738,1.1016151582534754,1.2456749258457067,1.9300000000000637,1
wn_1268.11,1268.11,1.234062921655284,1.1467343959521594,1.0985793020973773,1.234062921655284,1.9299999999998363,1
wn_1270.04,1270.04,1.2252197546382413,1.1454588835038355,1.0964699700351725,1.2252197546382413,1.9300000000000637,1
wn_1271.97,1271.97,1.219122530344758,1.1451270565577445,1.0952632756522387,1.219122530344758,1.9300000000000637,1
wn_1273.9,1273.9,1.2154357420459576,1.14559607630968,1.0948277052263797,1.2154357420459576,1.9300000000000637,1
wn_1275.83,1275.83,1.2134031666410983,1.1465376322492133,1.0948794906736383,1.2134031666410983,1.9299999999998363,1
wn_1277.76,1277.76,1.2119439277657613,1.1474947064171523,1.0950243328284952,1.2119439277657613,1.9300000000000637,1
wn_1279.69,1279.69,1.2098742464200947,1.1480005038022176,1.0948503821373792,1.2098742464200947,1.9300000000000637,1
wn_1281.62,1281.62,1.2060680579895864,1.1476575603367742,1.0939938139669503,1.2060680579895864,1.9299999999998363,1
wn_1283.56,1283.56,1.1995269456038133,1.1461596084027692,1.092162301541723,1.1995269456038133,1.9400000000000546,1
wn_1285.49,1285.49,1.1894056576241157,1.1432824440107419,1.0891345994857782,1.1894056576241157,1.9300000000000637,1
wn_1287.42,1287.42,1.1749891318710195,1.1388495592799404,1.0847391895710279,1.1749891318710195,1.9300000000000637,1
wn_1289.35,1289.35,1.1556664524514602,1.1327129285937005,1.0788420179634588,1.1556664524514602,1.9299999999998363,1
wn_1291.28,1291.28,1.1310752984546546,1.1248510688809403,1.0714223286903768,1.1310752984546546,1.9300000000000637,1
wn_1293.21,1293.21,1.101376154544582,1.115540902772546,1.062700621637001,1.115540902772546,1.9300000000000637,1
wn_1295.14,1295.14,1.0671322942340309,1.1052725021611949,1.05306881089442,1.1052725021611949,1.9300000000000637,1
wn_1297.07,1297.07,1.028819892150962,1.0944169943772362,1.042841524442882,1.0944169943772362,1.9299999999998363,1
wn_1299,1299,0.9866979360019557,1.0831114112963538,1.0321739259224103,1.0831114112963538,1.9300000000000637,1
wn_1300.93,1300.93,0.941096618453281,1.0714091794470173,1.0211708026343262,1.0714091794470173,1.9300000000000637,1
wn_1302.86,1302.86,0.8927338039023367,1.059438893760079,1.0099994145664932,1.059438893760079,1.9299999999998363,1
wn_1304.79,1304.79,0.8427913678949056,1.0474080419782985,0.9988892019679882,1.0474080419782985,1.9300000000000637,1
wn_1306.72,1306.72,0.7928053847310615,1.0355205779196404,0.9880659835863894,1.0355205779196404,1.9300000000000637,1
wn_1308.65,1308.65,0.7445931485670527,1.0239539145203018,0.9777304256006968,1.0239539145203018,1.9300000000000637,1
wn_1310.58,1310.58,0.7002072083631087,1.0128852509900674,0.9680753037572452,1.0128852509900674,1.9299999999998363,1
wn_1312.51,1312.51,0.6617837704558064,1.0025006111328916,0.9592910050545539,1.0025006111328916,1.9300000000000637,1
wn_1381.99,1381.99,1.0026821184368666,0.8755385524638485,0.9530746515064212,1.0026821184368666,69.48000000000002,2
wn_1383.92,1383.92,1.0249681515288431,0.8807992897793583,0.9622045768931643,1.0249681515288431,1.9300000000000637,2
wn_1385.85,1385.85,1.0448640231519206,0.8861785213899118,0.9710155826109218,1.0448640231519206,1.9299999999998363,2
wn_1387.78,1387.78,1.0616260336078578,0.8910566191814862,0.9789891736471205,1.0616260336078578,1.9300000000000637,2
wn_1389.71,1389.71,1.074479966984062,0.8946356761062242,0.985612280656991,1.074479966984062,1.9300000000000637,2
wn_1391.64,1391.64,1.083667384861265,0.8969118916138379,0.9908689957535165,1.083667384861265,1.9300000000000637,2
wn_1393.57,1393.57,1.0903318838476708,0.89869414403473,0.9950927750849541,1.0903318838476708,1.9299999999998363,2
wn_1395.5,1395.5,1.0956883122754284,0.9009139258010304,0.9985733524510896,1.0956883122754284,1.9300000000000637,2
wn_1397.43,1397.43,1.1000597149909612,0.9037845647004534,1.0012174189982972,1.1000597149909612,1.9300000000000637,2
wn_1399.36,1399.36,1.1024213321083358,0.9063807048305641,1.0024889351862947,1.1024213321083358,1.9299999999998363,2
wn_1401.29,1401.29,1.1013141501569323,0.907409277571853,1.001839914302072,1.1013141501569323,1.9300000000000637,2
wn_1403.22,1403.22,1.0960406131103702,0.9062540000096382,0.9991343172916591,1.0960406131103702,1.9300000000000637,2
wn_1405.15,1405.15,1.0865147498536714,0.9028801450158697,0.9944716515673118,1.0865147498536714,1.9300000000000637,2
wn_1407.09,1407.09,1.0722730041368238,0.8969695937394803,0.987742556174943,1.0722730041368238,1.9399999999998272,2
wn_1409.02,1409.02,1.0526466983453475,0.887970171159127,0.9788035987308092,1.0526466983453475,1.9300000000000637,2
wn_1410.95,1410.95,1.0287940008481469,0.876793485566921,0.9683817640333678,1.0287940008481469,1.9300000000000637,2
wn_1412.88,1412.88,1.0037377778646799,0.8659490503594435,0.9579098070318502,1.0037377778646799,1.9300000000000637,2
wn_1476.57,1476.57,1.0167211956024271,0.8992843633482474,1.00232134857388,1.0167211956024271,63.68999999999983,3
wn_1478.5,1478.5,1.0681675361737362,0.9364608627628745,1.0209657105679282,1.0681675361737362,1.9300000000000637,3
wn_1480.43,1480.43,1.111645863346683,0.9641899051593577,1.0370559443511227,1.111645863346683,1.9300000000000637,3
wn_1482.36,1482.36,1.144509487908217,0.9801014877427039,1.0499138700984074,1.144509487908217,1.9299999999998363,3
wn_1484.29,1484.29,1.1636903290259721,0.9813855356394798,1.059470191188341,1.1636903290259721,1.9300000000000637,3
wn_1486.22,1486.22,1.165744685297054,0.9650761892217805,1.067391887513584,1.165744685297054,1.9300000000000637,3
wn_1488.15,1488.15,1.1461017085325413,0.929496551624609,1.0784823726072865,1.1461017085325413,1.9300000000000637,3
wn_1490.08,1490.08,1.0922415128404832,0.8739345446981795,1.100270449891528,1.100270449891528,1.9299999999998363,3
wn_1492.01,1492.01,0.9707901337832191,0.8010620763536782,1.1414014535285144,1.1414014535285144,1.9300000000000637,3
wn_1493.94,1493.94,0.73281270241901,0.7483080539583599,1.20752852106276,1.20752852106276,1.9300000000000637,3
wn_1495.87,1495.87,0.38610548960003993,0.7973023217548095,1.2785218015625208,1.2785218015625208,1.9299999999998363,3
wn_1497.8,1497.8,0.04037322647275786,0.9212374863616776,1.3184729421668517,1.3184729421668517,1.9300000000000637,3
wn_1499.73,1499.73,0.2210969066952554,1.029580598543837,1.3250004490198946,1.3250004490198946,1.9300000000000637,3
wn_1501.66,1501.66,0.3989542671514596,1.0999547676345307,1.3148872982030926,1.3148872982030926,1.9300000000000637,3
wn_1503.59,1503.59,0.5179588127717046,1.1425404045059913,1.3002390570479823,1.3002390570479823,1.9299999999998363,3
wn_1505.52,1505.52,0.5974348515710464,1.1683370267935747,1.2861355957683922,1.2861355957683922,1.9300000000000637,3
wn_1507.45,1507.45,0.6477006199135374,1.1845916399967629,1.2746493327564692,1.2746493327564692,1.9300000000000637,3
wn_1509.38,1509.38,0.6775591969379631,1.1952696637758509,1.2656370917245408,1.2656370917245408,1.9300000000000637,3
wn_1511.31,1511.31,0.6959653860141942,1.2022778393450164,1.2580521091698593,1.2580521091698593,1.9299999999998363,3
wn_1513.24,1513.24,0.7055721957324299,1.2070033827145459,1.251853943700501,1.251853943700501,1.9300000000000637,3
wn_1515.17,1515.17,0.7067379900460444,1.2104462885040976,1.2470668255254622,1.2470668255254622,1.9300000000000637,3
wn_1517.1,1517.1,0.69985321334164,1.213159737941391,1.2434474613583053,1.2434474613583053,1.9299999999998363,3
wn_1519.03,1519.03,0.6854832029368292,1.2153903175341154,1.2406610289698128,1.2406610289698128,1.9300000000000637,3
wn_1520.96,1520.96,0.6651691193575999,1.2171627314035545,1.2382812377645322,1.2382812377645322,1.9300000000000637,3
wn_1522.89,1522.89,0.6415026929508838,1.2183775925994464,1.2358372215118183,1.2358372215118183,1.9300000000000637,3
wn_1524.82,1524.82,0.6175408026226907,1.2188992618112398,1.2329187138956537,1.2329187138956537,1.9299999999998363,3
wn_1526.75,1526.75,0.5965064395435508,1.2186251431572444,1.2292770307329002,1.2292770307329002,1.9300000000000637,3
wn_1528.69,1528.69,0.5810391779017937,1.2175946707096768,1.2249465675146507,1.2249465675146507,1.9400000000000546,3
wn_1530.62,1530.62,0.5716074477702768,1.2160701220340868,1.220297269620063,1.220297269620063,1.9299999999998363,3
wn_1532.55,1532.55,0.5667082577120813,1.2143777508726832,1.2157465794368847,1.2157465794368847,1.9300000000000637,3
wn_1534.48,1534.48,0.5650057348105374,1.2127200386808974,1.2115258382856078,1.2127200386808974,1.9300000000000637,3
wn_1536.41,1536.41,0.5662338921873922,1.2111970656918063,1.2077536793889248,1.2111970656918063,1.9300000000000637,3
wn_1538.34,1538.34,0.5693914116279126,1.2100140517136986,1.20473770394399,1.2100140517136986,1.9299999999998363,3
wn_1540.27,1540.27,0.5709506691647086,1.209417115134367,1.2027959352110646,1.209417115134367,1.9300000000000637,3
wn_1542.2,1542.2,0.5676397395586824,1.2093936492723532,1.2018160073578252,1.2093936492723532,1.9300000000000637,3
wn_1544.13,1544.13,0.5612371745567151,1.2097132420105254,1.2013914073692602,1.2097132420105254,1.9300000000000637,3
wn_1546.06,1546.06,0.5559175426115285,1.210244733770683,1.2013501606784365,1.210244733770683,1.9299999999998363,3
wn_1547.99,1547.99,0.5537318999680068,1.2110309228703298,1.201813983829664,1.2110309228703298,1.9300000000000637,3
wn_1549.92,1549.92,0.5533581860891996,1.2121846744659177,1.2030044033918328,1.2121846744659177,1.9300000000000637,3
wn_1551.85,1551.85,0.5518325031628237,1.213656969902029,1.204911134379564,1.213656969902029,1.9299999999998363,3
wn_1553.78,1553.78,0.546007246785012,1.2153896238668942,1.2075265940178093,1.2153896238668942,1.9300000000000637,3
wn_1555.71,1555.71,0.5328515383336799,1.217352487901122,1.2109284423425606,1.217352487901122,1.9300000000000637,3
wn_1557.64,1557.64,0.5062536517375409,1.219678696461172,1.2154330674827964,1.219678696461172,1.9300000000000637,3
wn_1559.57,1559.57,0.45616818345571025,1.2224367488354428,1.2211099967961652,1.2224367488354428,1.9299999999998363,3
wn_1561.5,1561.5,0.37666176977358,1.2250393297278266,1.226959000904646,1.226959000904646,1.9300000000000637,3
wn_1563.43,1563.43,0.26304510342248827,1.2263278320417843,1.2312760614349454,1.2312760614349454,1.9300000000000637,3
wn_1565.36,1565.36,0.10714992819010136,1.224530908593064,1.2314523940354192,1.2314523940354192,1.9299999999998363,3
wn_1567.29,1567.29,0.09832058152177671,1.2169794767401425,1.2232949520730696,1.2232949520730696,1.9300000000000637,3
wn_1569.22,1569.22,0.35081132034779994,1.2009465860741542,1.2019566873996914,1.2019566873996914,1.9300000000000637,3
wn_1571.15,1571.15,0.6252185910693243,1.176424695474812,1.1660899381305754,1.176424695474812,1.9300000000000637,3
wn_1573.08,1573.08,0.8762095816172157,1.148742594275939,1.1228890682588932,1.148742594275939,1.9299999999998363,3
wn_1575.01,1575.01,1.0698345554276116,1.1258708740399963,1.084892073936246,1.1258708740399963,1.9300000000000637,3
wn_1576.94,1576.94,1.2016564392273836,1.1119850858369789,1.0597073427363313,1.2016564392273836,1.9300000000000637,3
wn_1578.87,1578.87,1.2832010740308724,1.1057085218134224,1.0467178259161811,1.2832010740308724,1.9299999999998363,3
wn_1580.8,1580.8,1.3296669649945982,1.103747805621933,1.0416730236923388,1.3296669649945982,1.9300000000000637,3
wn_1582.73,1582.73,1.3547398842701885,1.1037251544310822,1.0407742645329654,1.3547398842701885,1.9300000000000637,3
wn_1584.66,1584.66,1.367585845144286,1.1041661352238297,1.0414528667971192,1.367585845144286,1.9300000000000637,3
wn_1586.59,1586.59,1.3730938130845345,1.104023702330635,1.0420265900538668,1.3730938130845345,1.9299999999998363,3
wn_1588.52,1588.52,1.373917501376689,1.1029112816741706,1.0417246724785616,1.373917501376689,1.9300000000000637,3
wn_1590.45,1590.45,1.3718972862024028,1.101212145414951,1.0406397552189919,1.3718972862024028,1.9300000000000637,3
wn_1592.38,1592.38,1.367770851319025,1.0993669150213985,1.0390660434525285,1.367770851319025,1.9300000000000637,3
wn_1594.31,1594.31,1.3609142757173893,1.097568501448083,1.0371824769554663,1.3609142757173893,1.9299999999998363,3
wn_1596.24,1596.24,1.3497141710740244,1.0961293514537203,1.035331523349013,1.3497141710740244,1.9300000000000637,3
wn_1598.17,1598.17,1.3318370371979877,1.0959303108486724,1.0344389417738808,1.3318370371979877,1.9300000000000637,3
wn_1600.1,1600.1,1.3045506303608232,1.09864743364436,1.036298089496635,1.3045506303608232,1.9299999999998363,3
wn_1602.03,1602.03,1.2646734733726297,1.1055885602429374,1.0425199056656598,1.2646734733726297,1.9300000000000637,3
wn_1603.96,1603.96,1.2087621771834909,1.1165289923683845,1.053282367133557,1.2087621771834909,1.9300000000000637,3
wn_1605.89,1605.89,1.1343616424644707,1.1305699152060513,1.0679853949202505,1.1343616424644707,1.9300000000000637,3
wn_1607.82,1607.82,1.041630220873701,1.1467203903891106,1.0857691618446428,1.1467203903891106,1.9299999999998363,3
wn_1609.75,1609.75,0.9344310881471533,1.1628208433163996,1.1043653346218592,1.1628208433163996,1.9300000000000637,3
wn_1611.68,1611.68,0.8185183559390008,1.176274895472838,1.1208338615907893,1.176274895472838,1.9300000000000637,3
wn_1613.61,1613.61,0.700141675020731,1.1859561105553826,1.1336580206264062,1.1859561105553826,1.9299999999998363,3
wn_1615.54,1615.54,0.5864150143045733,1.1919878599485598,1.1426246532961486,1.1919878599485598,1.9300000000000637,3
wn_1617.47,1617.47,0.482246989601815,1.1945168628990948,1.1476324639781834,1.1945168628990948,1.9300000000000637,3
wn_1619.4,1619.4,0.38752102319762843,1.193867209188354,1.1489232200821449,1.193867209188354,1.9300000000000637,3
wn_1621.33,1621.33,0.3008026632397459,1.1910513770079802,1.147565937034164,1.1910513770079802,1.9299999999998363,3
wn_1623.26,1623.26,0.22174936231179468,1.187018352629364,1.144579005622222,1.187018352629364,1.9300000000000637,3
wn_1625.19,1625.19,0.1494129188362832,1.182191935750997,1.1404322948242878,1.182191935750997,1.9300000000000637,3
wn_1627.12,1627.12,0.08205123556894686,1.1768992037317467,1.135513684479769,1.1768992037317467,1.9299999999998363,3
wn_1629.05,1629.05,0.018265574406990368,1.1715344333908089,1.1302897062739605,1.1715344333908089,1.9300000000000637,3
wn_1630.98,1630.98,0.042976250931151684,1.1664814215860368,1.125220056049892,1.1664814215860368,1.9300000000000637,3
wn_1632.91,1632.91,0.1014119311501598,1.1621529787516987,1.1207934018122199,1.1621529787516987,1.9300000000000637,3
wn_1634.84,1634.84,0.15500109793720918,1.1587651761233881,1.1172643685947201,1.1587651761233881,1.9299999999998363,3
wn_1636.77,1636.77,0.20172778221709936,1.1560245953042854,1.114301970930334,1.1560245953042854,1.9300000000000637,3
wn_1638.7,1638.7,0.24202454055937803,1.1534728345080327,1.1113979900599988,1.1534728345080327,1.9300000000000637,3
wn_1640.63,1640.63,0.2778425838256972,1.1511024431052763,1.1085825644434641,1.1511024431052763,1.9300000000000637,3
wn_1642.56,1642.56,0.3103079776141887,1.149221850339331,1.1062552913305614,1.149221850339331,1.9299999999998363,3
wn_1644.49,1644.49,0.3388077934041279,1.148095288113622,1.1047609971130226,1.148095288113622,1.9300000000000637,3
wn_1646.42,1646.42,0.3615715390782109,1.1476911565138663,1.1040927468798492,1.1476911565138663,1.9300000000000637,3
wn_1648.35,1648.35,0.3774893321163153,1.1477305776063595,1.103941466057969,1.1477305776063595,1.9299999999998363,3
wn_1650.29,1650.29,0.38626062497957486,1.1481602901991312,1.104265829130673,1.1481602901991312,1.9400000000000546,3
wn_1652.22,1652.22,0.3860865085906928,1.1490990633050242,1.1052317995976042,1.1490990633050242,1.9300000000000637,3
wn_1654.15,1654.15,0.37555032076336886,1.1502862315040492,1.106512553268204,1.1502862315040492,1.9300000000000637,3
wn_1656.08,1656.08,0.3583565001743889,1.1513308252206846,1.1075863481498864,1.1513308252206846,1.9299999999998363,3
wn_1658.01,1658.01,0.3395807632678024,1.1524643946937256,1.1087192907876278,1.1524643946937256,1.9300000000000637,3
wn_1659.94,1659.94,0.32165123263695794,1.154222420903771,1.1105740677393388,1.154222420903771,1.9300000000000637,3
wn_1661.87,1661.87,0.3058105620915326,1.1569300822737147,1.1135589100563599,1.1569300822737147,1.9299999999998363,3
wn_1663.8,1663.8,0.29528764997918544,1.1606295325529876,1.1177436811194212,1.1606295325529876,1.9300000000000637,3
wn_1665.73,1665.73,0.29577793510822464,1.1654752351970283,1.1233562186730137,1.1654752351970283,1.9300000000000637,3
wn_1667.66,1667.66,0.31123209331087215,1.1718088730512664,1.1308789355090856,1.1718088730512664,1.9300000000000637,3
wn_1669.59,1669.59,0.3412180068986736,1.1795159332661247,1.1402579671898223,1.1795159332661247,1.9299999999998363,3
wn_1671.52,1671.52,0.38282660687460246,1.1878541124483504,1.1506666255245912,1.1878541124483504,1.9300000000000637,3
wn_1673.45,1673.45,0.4349043669516463,1.1961710363698923,1.161380587302505,1.1961710363698923,1.9300000000000637,3
wn_1675.38,1675.38,0.498635121779247,1.2040860780967801,1.1720285641705248,1.2040860780967801,1.9300000000000637,3
wn_1677.31,1677.31,0.5748427350000415,1.2111013730129059,1.18208604951005,1.2111013730129059,1.9299999999998363,3
wn_1679.24,1679.24,0.6607195841875544,1.2165202723658155,1.1907920310029252,1.2165202723658155,1.9300000000000637,3
wn_1681.17,1681.17,0.750219038195852,1.2195292548310945,1.1970803174243563,1.2195292548310945,1.9300000000000637,3
wn_1683.1,1683.1,0.8364943599614995,1.2197203919167228,1.2003455416806161,1.2197203919167228,1.9299999999998363,3
wn_1685.03,1685.03,0.91523332845089,1.2171964297544398,1.2005429864691404,1.2171964297544398,1.9300000000000637,3
wn_1686.96,1686.96,0.9845953455846663,1.2123295720089944,1.1980521333135588,1.2123295720089944,1.9300000000000637,3
wn_1688.89,1688.89,1.0429001742893738,1.2053593129133602,1.193319099455756,1.2053593129133602,1.9300000000000637,3
wn_1690.82,1690.82,1.0893197072666545,1.1963419876408286,1.1866644321635407,1.1963419876408286,1.9299999999998363,3
wn_1692.75,1692.75,1.124460853076873,1.1852473842960254,1.178251731239912,1.1852473842960254,1.9300000000000637,3
wn_1694.68,1694.68,1.1489573156912314,1.1717868902827908,1.1680269396194873,1.1717868902827908,1.9300000000000637,3
wn_1696.61,1696.61,1.1620650997205038,1.1549275772709524,1.1554413343289034,1.1620650997205038,1.9299999999998363,3
wn_1698.54,1698.54,1.162637993816469,1.1329156194011734,1.1393000879721418,1.162637993816469,1.9300000000000637,3
wn_1700.47,1700.47,1.1512235647855036,1.1040213601112416,1.1180519624291894,1.1512235647855036,1.9300000000000637,3
wn_1702.4,1702.4,1.12837999287719,1.0664241078243992,1.08990194563252,1.12837999287719,1.9300000000000637,3
wn_1704.33,1704.33,1.089829021783905,1.0159782886530195,1.051582418965674,1.089829021783905,1.9299999999998363,3
wn_1706.26,1706.26,1.0285153927799715,0.9465113564232533,0.9982728079732978,1.0285153927799715,1.9300000000000637,3
wn_2941.56,2941.56,1.0173607539472038,0.8140301331718477,0.7815940562094414,1.0173607539472038,1235.3,4
wn_2943.49,2943.49,1.038406842568622,0.8308888336856733,0.7978590472712974,1.038406842568622,1.9299999999998363,4
wn_2945.42,2945.42,1.0576391510229894,0.8463119394289769,0.8127368222641682,1.0576391510229894,1.930000000000291,4
wn_2947.35,2947.35,1.0748734043070933,0.8601618335147304,0.8260902447861552,1.0748734043070933,1.9299999999998363,4
wn_2949.28,2949.28,1.090068291204809,0.8724169138693317,0.8379013471167763,1.090068291204809,1.930000000000291,4
wn_2951.21,2951.21,1.1032673394934895,0.8831222700622539,0.8482294719021671,1.1032673394934895,1.9299999999998363,4
wn_2953.14,2953.14,1.1146071053781343,0.892392131550601,0.8572132996173132,1.1146071053781343,1.9299999999998363,4
wn_2955.07,2955.07,1.1243572739699645,0.9004379612074266,0.8650925815322326,1.1243572739699645,1.930000000000291,4
wn_2957,2957,1.1329218001332872,0.9075681541598163,0.8721965563937719,1.1329218001332872,1.9299999999998363,4
wn_2958.93,2958.93,1.1407558690588118,0.9141240134615122,0.8788751331848501,1.1407558690588118,1.9299999999998363,4
wn_2960.86,2960.86,1.1482917625545677,0.9204233112683776,0.8854461371480609,1.1482917625545677,1.930000000000291,4
wn_2962.79,2962.79,1.155943081795033,0.9267652939771736,0.8922071668563644,1.155943081795033,1.9299999999998363,4
wn_2964.72,2964.72,1.1640729473015738,0.9334101280868788,0.8994201146961761,1.1640729473015738,1.9299999999998363,4
wn_2966.65,2966.65,1.1729339609425795,0.9405388502048994,0.9072667916664546,1.1729339609425795,1.930000000000291,4
wn_2968.58,2968.58,1.1826636969519886,0.9482544899961097,0.9158381659480798,1.1826636969519886,1.9299999999998363,4
wn_2970.51,2970.51,1.1932713118629694,0.9565706682523857,0.9251226788103042,1.1932713118629694,1.930000000000291,4
wn_2972.44,2972.44,1.2045984010267563,0.9653773137608398,0.9349884754675334,1.2045984010267563,1.9299999999998363,4
wn_2974.37,2974.37,1.21631300262861,0.974434085860358,0.9452014150084829,1.21631300262861,1.9299999999998363,4
wn_2976.3,2976.3,1.2279376140056513,0.9833937833179451,0.9554571822993895,1.2279376140056513,1.930000000000291,4
wn_2978.23,2978.23,1.2389367825063549,0.9918692719834428,0.9654228591220713,1.2389367825063549,1.9299999999998363,4
wn_2980.16,2980.16,1.2488674991874311,0.9995431452955719,0.9748133730360872,1.2488674991874311,1.9299999999998363,4
wn_2982.09,2982.09,1.2574661413710728,1.006227639287937,0.9834501598285624,1.2574661413710728,1.930000000000291,4
wn_2984.02,2984.02,1.2645636431084017,1.0117939589084184,0.9912224934870687,1.2645636431084017,1.9299999999998363,4
wn_2985.95,2985.95,1.2699733694671032,1.016085291063054,0.9980251915387655,1.2699733694671032,1.9299999999998363,4
wn_2987.88,2987.88,1.2735216518413957,1.0189455808714067,1.0037767529008763,1.2735216518413957,1.930000000000291,4
wn_2989.81,2989.81,1.2751535238644094,1.0203072027551117,1.008474394924023,1.2751535238644094,1.9299999999998363,4
wn_2991.74,2991.74,1.274951924895709,1.020209908020258,1.0121887814054789,1.274951924895709,1.9299999999998363,4
wn_2993.67,2993.67,1.2730156778052597,1.018708477269867,1.0149687966620258,1.2730156778052597,1.930000000000291,4
wn_2995.61,2995.61,1.269348280343269,1.0157885091720054,1.0167633811083383,1.269348280343269,1.9400000000000546,4
wn_2997.54,2997.54,1.2639251463308105,1.0114238918155263,1.017482997804857,1.2639251463308105,1.9299999999998363,4
wn_2999.47,2999.47,1.256828374081437,1.00568749104731,1.0171177527369186,1.256828374081437,1.9299999999998363,4
wn_3001.4,3001.4,1.2482459817877158,0.9987512935109314,1.015742422436398,1.2482459817877158,1.930000000000291,4
wn_3003.33,3003.33,1.2383971897232953,0.9908248065016226,1.0134531005876897,1.2383971897232953,1.9299999999998363,4
wn_3005.26,3005.26,1.227539121519973,0.9821564518813404,1.0103692588775823,1.227539121519973,1.930000000000291,4
wn_3007.19,3007.19,1.2160440436589954,0.9730894750295986,1.0066927375589048,1.2160440436589954,1.9299999999998363,4
wn_3009.12,3009.12,1.20440537136502,0.9640603399195892,1.002711320610032,1.20440537136502,1.9299999999998363,4
wn_3011.05,3011.05,1.1931460202075392,0.9555210902693354,0.9987254226641589,1.1931460202075392,1.930000000000291,4
wn_3012.98,3012.98,1.1827422326336454,0.9478779528184207,0.994970871729174,1.1827422326336454,1.9299999999998363,4
wn_3014.91,3014.91,1.1735485048826888,0.9414330398690508,0.9915857130388765,1.1735485048826888,1.9299999999998363,4
wn_3016.84,3016.84,1.165736964736519,0.936334288172377,0.9886339846680523,1.165736964736519,1.930000000000291,4
wn_3018.77,3018.77,1.1593351252354185,0.9325990093874859,0.986154514107976,1.1593351252354185,1.9299999999998363,4
wn_3020.7,3020.7,1.154282628605966,0.9301563775744891,0.9841623101909807,1.154282628605966,1.9299999999998363,4
wn_3022.63,3022.63,1.1504343022370274,0.9288612059465049,0.9826214046566997,1.1504343022370274,1.930000000000291,4
wn_3024.56,3024.56,1.1476030341017474,0.9285416536712542,0.9814757711336575,1.1476030341017474,1.9299999999998363,4
wn_3026.49,3026.49,1.1456344847703475,0.9290539354270393,0.980711295956876,1.1456344847703475,1.9299999999998363,4
wn_3028.42,3028.42,1.144405014904141,0.9302653767870324,0.9803541027967577,1.144405014904141,1.930000000000291,4
wn_3030.35,3030.35,1.1437678079155562,0.9320068314231932,0.9804094549925662,1.1437678079155562,1.9299999999998363,4
wn_3032.28,3032.28,1.1435469589248697,0.9340858728298789,0.9808269007963405,1.1435469589248697,1.930000000000291,4
wn_3034.21,3034.21,1.1435651205992676,0.9363404202735014,0.98151770455369,1.1435651205992676,1.9299999999998363,4
wn_3036.14,3036.14,1.1436301189476914,0.9386407384269706,0.982368571968902,1.1436301189476914,1.9299999999998363,4
wn_3038.07,3038.07,1.1435211945955117,0.9408671538386558,0.983240552027702,1.1435211945955117,1.930000000000291,4
wn_3040,3040,1.1430027603394208,0.9429125428029583,0.9839858699006375,1.1430027603394208,1.9299999999998363,4
wn_3041.93,3041.93,1.141851425067198,0.9446915351115787,0.9844930860201784,1.141851425067198,1.9299999999998363,4
wn_3043.86,3043.86,1.1399054664833341,0.9461438657168658,0.9847293313495072,1.1399054664833341,1.930000000000291,4
wn_3045.79,3045.79,1.13712981057042,0.9472604022210692,0.9847360697264821,1.13712981057042,1.9299999999998363,4
wn_3047.72,3047.72,1.1336036653944657,0.9480810221059606,0.9845795099452094,1.1336036653944657,1.9299999999998363,4
wn_3049.65,3049.65,1.129467462176517,0.9486712860012145,0.9843319715882063,1.129467462176517,1.930000000000291,4
wn_3051.58,3051.58,1.1248767344857198,0.9491013324076967,0.9840803459950924,1.1248767344857198,1.9299999999998363,4
wn_3053.51,3053.51,1.119962995697948,0.9494302759337154,0.9838961949073578,1.119962995697948,1.930000000000291,4
wn_3055.44,3055.44,1.1148397737295526,0.9497066596486874,0.983811660734959,1.1148397737295526,1.9299999999998363,4
wn_3057.37,3057.37,1.109627904379821,0.9499828679483432,0.9838361485608944,1.109627904379821,1.9299999999998363,4
wn_3059.3,3059.3,1.1044217504236957,0.950316116427203,0.9839646881076555,1.1044217504236957,1.930000000000291,4
wn_3061.23,3061.23,1.0992618220289414,0.9507477034041211,0.9841762651985465,1.0992618220289414,1.9299999999998363,4
wn_3063.16,3063.16,1.0942273003274785,0.951299771355106,0.9844629374686756,1.0942273003274785,1.9299999999998363,4
wn_3065.09,3065.09,1.0894810793332654,0.9519710041908643,0.9848335806874311,1.0894810793332654,1.930000000000291,4
wn_3067.02,3067.02,1.0851050435749101,0.9526963539875128,0.9852535641946291,1.0851050435749101,1.9299999999998363,4
wn_3068.95,3068.95,1.080956320274557,0.9533321021570612,0.9856221139887986,1.080956320274557,1.9299999999998363,4
wn_3070.88,3070.88,1.0767888000843584,0.9537168901642812,0.9858475238982101,1.0767888000843584,1.930000000000291,4
wn_3072.81,3072.81,1.0724702701200057,0.9537400304821455,0.9859160358607222,1.0724702701200057,1.9299999999998363,4
wn_3074.74,3074.74,1.0680540197147605,0.9533652400997054,0.9858830843818143,1.0680540197147605,1.9299999999998363,4
wn_3076.67,3076.67,1.063681095556482,0.9526036196987401,0.9858083420255496,1.063681095556482,1.930000000000291,4
wn_3078.6,3078.6,1.0593823000039255,0.9514459887807254,0.9856796198922347,1.0593823000039255,1.9299999999998363,4
wn_3080.53,3080.53,1.054928628659397,0.9498110172598342,0.9853787064678555,1.054928628659397,1.930000000000291,4
wn_3082.46,3082.46,1.0499043865024986,0.9475785050045902,0.9847342960361042,1.0499043865024986,1.9299999999998363,4
wn_3084.39,3084.39,1.0439546868975915,0.9446981364240455,0.9836306206076745,1.0439546868975915,1.9299999999998363,4
wn_3086.32,3086.32,1.0369142086454526,0.941222452814103,0.9820598574794361,1.0369142086454526,1.930000000000291,4
wn_3088.25,3088.25,1.02874973049823,0.9372291449796617,0.9800931683373786,1.02874973049823,1.9299999999998363,4
wn_3090.18,3090.18,1.0195586856743906,0.9328163006733428,0.9778597755365375,1.0195586856743906,1.9299999999998363,4
wn_3092.11,3092.11,1.009611321822519,0.9281687074913125,0.9755284308293107,1.009611321822519,1.930000000000291,4
