wavenumber,mean_absorbance,sd_absorbance,cv_percent
3399.00806,0.0323875,2.8767748144985743e-4,0.8882361449628944
3397.0779000000002,0.0325525,2.933001875212484e-4,0.9010066431802425
3395.14775,0.0327,2.952964612046685e-4,0.9030472819714632
3393.21759,0.0328425,2.978114616106407e-4,0.906786820767727
3391.28743,0.033002500000000004,2.978114616106407e-4,0.9023906116525737
3389.35727,0.0331575,3.034660881658232e-4,0.9152260820804439
3387.42711,0.033295000000000005,3.1085902485424683e-4,0.9336507729516348
3385.49696,0.033445,3.055595959328851e-4,0.9136181669394082
3383.5668,0.033604999999999996,2.9422213830143163e-4,0.8755308385699498
3381.63664,0.0337625,2.9781146161064287e-4,0.8820776352777279
3379.70648,0.0339275,3.0412442629073266e-4,0.8963950373317594
3377.77632,0.034095,3.077336510685822e-4,0.9025770672197747
3375.84617,0.0342775,3.109528367239431e-4,0.9071631149411219
3373.91601,0.03447,3.127299154222372e-4,0.9072524381265946
3371.98585,0.03467,3.127299154222372e-4,0.9020187926802341
3370.05569,0.0348575,3.1020154738492235e-4,0.8899133540412317
3368.12554,0.035050000000000005,3.194787421201389e-4,0.9114942713841336
3366.19538,0.0352325,3.237668914512417e-4,0.9189438485808322
3364.2652200000002,0.035445,3.200520790954696e-4,0.9029540953462255
3362.33506,0.035652500000000004,3.158454263296107e-4,0.8858998003775631
3360.4049,0.035865,3.183813227352792e-4,0.887721518849238
3358.47475,0.036082500000000003,3.27146756059112e-4,0.9066632191758109
3356.54459,0.0363025,3.339036787258663e-4,0.9197814991415642
3354.61443,0.03651,3.369470779415258e-4,0.9228898327623274
3352.68427,0.0367275,3.3440245214411666e-4,0.9104960918769768
3350.75411,0.0369375,3.3440245214411927e-4,0.9053196673952468
3348.82396,0.037145,3.380828300875418e-4,0.9101704942456369
3346.8938,0.037332500000000005,3.40036762718386e-4,0.9108330883771137
3344.96364,0.037512500000000004,3.40036762718386e-4,0.9064625464002293
3343.03348,0.037665000000000004,3.410278580995989e-4,0.9054237570678317
3341.10332,0.0378,3.482336380458766e-4,0.9212530107033772
3339.17317,0.03791,3.41565025531987e-4,0.900989252260583
3337.24301,0.038020000000000005,3.3694707794152713e-4,0.8862363964795558
3335.31285,0.0381,3.4205262752974195e-4,0.8977759252749132
3333.38269,0.03817,3.349626844888829e-4,0.8775548453992216
3331.4525400000002,0.038212499999999996,3.3797189232242304e-4,0.8844537581221409
3329.52238,0.03825,3.420526275297437e-4,0.894255235371879
3327.59222,0.038265,3.4837719022155696e-4,0.9104330072430602
3325.66206,0.0382825,3.451931826287027e-4,0.9016996868770396
3323.7319,0.0382925,3.384646707314268e-4,0.8838928529906033
3321.80175,0.038305,3.359067330872253e-4,0.876926597277706
3319.87159,0.03832,3.4009802508492404e-4,0.8875209422884239
3317.94143,0.038325,3.472271110766959e-4,0.9060068129855078
3316.01127,0.038345000000000004,3.472271110766959e-4,0.9055342575999369
3314.08111,0.038372500000000004,3.446133098609719e-4,0.8980736461293162
3312.15096,0.03841,3.437053001240067e-4,0.8948328563499263
3310.2208,0.0384675,3.474070619124859e-4,0.9031183776239315
3308.29064,0.03852,3.420526275297412e-4,0.8879870911987051
3306.36048,0.0385675,3.3895673273541505e-4,0.8788662286521425
3304.43032,0.03864,3.3496268448888496e-4,0.8668806534391433
3302.50017,0.0387025,3.442261853297425e-4,0.8894158912983463
3300.57001,0.038764999999999994,3.538832199092428e-4,0.9128936409370382
3298.63985,0.0388075,3.502737025051496e-4,0.9025928042392568
3296.70969,0.03886,3.5289280714309444e-4,0.9081132453502173
3294.77954,0.0389025,3.508442199419369e-4,0.9018552019585808
3292.84938,0.038932499999999995,3.446133098609719e-4,0.8851558719860577
3290.91922,0.0389525,3.4003676271838524e-4,0.8729523463664342
3288.98906,0.038965,3.421987726453722e-4,0.8782208973318932
3287.0589,0.03896,3.4292856398964334e-4,0.8802067864210557
3285.12875,0.03895,3.4292856398964524e-4,0.8804327701916438
3283.19859,0.038919999999999996,3.478505426185222e-4,0.8937578176221023
3281.26843,0.038865000000000004,3.4219877264537356e-4,0.8804805677225614
3279.33827,0.0387975,3.4490336810958033e-4,0.8889834863318006
3277.40811,0.038725,3.4693899559816964e-4,0.8959044431198699
3275.47796,0.0386175,3.4364468083569597e-4,0.8898677564205243
3273.5478,0.038500000000000006,3.463139231006077e-4,0.8995166833782016
3271.61764,0.038375,3.425881881598768e-4,0.8927379496022847
3269.68748,0.0382275,3.3895673273541505e-4,0.8866829709905567
3267.75732,0.038079999999999996,3.365511352924943e-4,0.8838002502428948
3265.82717,0.0379075,3.3360405672993047e-4,0.8800476336607017
3263.89701,0.037727500000000004,3.402327634625052e-4,0.9018163500430857
3261.96685,0.037524999999999996,3.309078421554852e-4,0.8818330237321392
3260.03669,0.037325,3.2460232079679604e-4,0.8696646237020658
3258.10653,0.037105,3.1796226191169207e-4,0.8569256485963943
3256.17638,0.036872499999999996,3.2159757461772213e-4,0.8721881473122848
3254.24622,0.036637499999999996,3.2263240176192115e-4,0.8806070331270451
3252.31606,0.0364125,3.282656444609053e-4,0.9015191059688441
3250.3859,0.036175,3.2460232079679815e-4,0.897311183957977
3248.45575,0.03594,3.189566323708196e-4,0.8874697617440724
3246.52559,0.0357125,3.170042060709376e-4,0.8876561598066157
3244.59543,0.03548,3.140063693621509e-4,0.8850235889575845
3242.66527,0.035252500000000006,3.170042060709397e-4,0.8992389364468891
3240.73511,0.0350375,3.1595094555959195e-4,0.9017508257141403
3238.80496,0.0348175,3.1138133106102154e-4,0.894324207829458
3236.8748,0.034605000000000004,3.0204856121712173e-4,0.8728465863809325
3234.94464,0.034405,2.9535289626704753e-4,0.8584592247261955
3233.01448,0.0342,3.0099833886584865e-4,0.8801121019469258
3231.08432,0.0340075,2.9803523281652543e-4,0.8763808948512105
3229.15417,0.0338125,3.054368456271545e-4,0.9033252366052628
3227.22401,0.03364,2.96085573216033e-4,0.8801592545066379
3225.29385,0.03347,2.964231210055411e-4,0.8856382462071739
3223.36369,0.03331,3.0099833886584795e-4,0.9036275558866645
3221.43353,0.03315,2.943920288775972e-4,0.8880604189369448
3219.50338,0.032992499999999994,2.927313899578699e-4,0.8872664695244978
3217.57322,0.0328425,2.927313899578713e-4,0.8913188397895146
3215.64306,0.0327025,2.860506948077558e-4,0.8747058934569399
3213.7129,0.032555,2.875760768909669e-4,0.8833545596405066
3211.78275,0.0324125,2.9113284482059785e-4,0.8982116307615823
3209.85259,0.032279999999999996,2.8809720581775907e-4,0.8924944418146192
3207.92243,0.03214,2.83078316607498e-4,0.8807663864576789
3205.99227,0.0319975,2.804014978561985e-4,0.8763231435462098
3204.06211,0.03186,2.8343135559308314e-4,0.8896150520812403
3202.13196,0.031712500000000005,2.811138559374141e-4,0.8864449536851843
3200.2018,0.0315575,2.819426655663647e-4,0.8934252255925363
3198.27164,0.03141,2.8483913588784416e-4,0.906842202762955
3196.34148,0.031247499999999997,2.81942665566364e-4,0.9022887129093976
3194.41132,0.031085,2.840774542268357e-4,0.9138731035124198
3192.48117,0.030924999999999998,2.8454642269174125e-4,0.9201177774995676
3190.55101,0.030765,2.777888886666753e-4,0.9029380421474901
3188.62085,0.030605,2.645121295265433e-4,0.8642775021288787
3186.69069,0.0304475,2.672545602978548e-4,0.8777553503501266
3184.76053,0.0302875,2.737851956065803e-4,0.9039544221430634
3182.83038,0.03014,2.70185121722126e-4,0.896433715070093
3180.90022,0.0299875,2.675038940526538e-4,0.892051334898387
3178.97006,0.0298375,2.6247222075234265e-4,0.8796722941008551
3177.0399,0.0296825,2.6323310328806764e-4,0.8868292875871898
3175.10975,0.029545000000000002,2.5955089417427737e-4,0.8784934647970125
3173.17959,0.029415,2.548855952514121e-4,0.8665157071270172
3171.24943,0.029275000000000002,2.6159765544311316e-4,0.8935872090285675
3169.31927,0.0291475,2.5837634050611765e-4,0.8864442593914321
3167.38911,0.0290225,2.634862425251086e-4,0.9078688690674773
3165.45896,0.0288875,2.6285293733695816e-4,0.9099192984403571
3163.5288,0.0287575,2.576011128340351e-4,0.8957701915466751
3161.59864,0.028635,2.4826061575153937e-4,0.8669831176935198
3159.66848,0.0284975,2.530316185776e-4,0.8879081273009912
3157.73832,0.0283675,2.471672847823239e-4,0.8713044321224073
3155.80817,0.0282175,2.4540782383616086e-4,0.8697008021127346
3153.87801,0.0280675,2.4486390778008407e-4,0.8724108231231285
3151.94785,0.0279175,2.38240074994391e-4,0.8533718097766312
3150.01769,0.027757499999999997,2.463567873363066e-4,0.887532333013804
3148.08753,0.027595,2.5013329779672796e-4,0.906444275400355
3146.15738,0.0274275,2.4459149617270037e-4,0.891774664744145
3144.22722,0.027257499999999997,2.3824007499439204e-4,0.8740349444901112
3142.29706,0.027082500000000002,2.3921747427811413e-4,0.8832916986176096
3140.3669,0.0269125,2.3921747427811413e-4,0.8888712467370707
3138.43675,0.0267325,2.3893862531341886e-4,0.8938132434804783
3136.50659,0.026547499999999998,2.3329166294576371e-4,0.8787707428035172
3134.57643,0.02637,2.3137271518771003e-4,0.8774088554710278
3132.64627,0.0262,2.2686266036231391e-4,0.8658880166500531
3130.71611,0.026025,2.2810816147900807e-4,0.8764962977099253
3128.78596,0.0258525,2.298368986912238e-4,0.8890316166375546
3126.8558,0.025697499999999998,2.2867371223353716e-4,0.8898675444441567
3124.92564,0.025544999999999998,2.3057898140694988e-4,0.9026384083262865
3122.99548,0.0254,2.2963739532866548e-4,0.9040842335774233
3121.06532,0.0252575,2.269177530883527e-4,0.898417314019015
3119.13517,0.0251375,2.223173407541575e-4,0.8844051347753654
3117.20501,0.0250275,2.2231734075415713e-4,0.8882922415509223
3115.27485,0.024917500000000002,2.2231734075415713e-4,0.8922136681214291
3113.34469,0.0248325,2.21265300789196e-4,0.8910311116045343
3111.41453,0.02475,2.2015146301277835e-4,0.8895008606576903
3109.48438,0.024665,2.145538005567216e-4,0.8698714800596863
3107.55422,0.024599999999999997,2.2015146301277835e-4,0.8949246463934081
3105.62406,0.024535,2.193171219946126e-4,0.8938949337461283
3103.6939,0.02448,2.0736441353327696e-4,0.847076852668615
3101.76375,0.024425000000000002,2.0631690833925113e-4,0.8446956329140272
3099.83359,0.0243725,2.1639085008382365e-4,0.8878483950510767
3097.90343,0.02433,2.1571586249817943e-4,0.8866249999925172
3095.97327,0.0242775,2.174664725116644e-4,0.8957531562626481
3094.04311,0.024239999999999998,2.1832697191750443e-4,0.9006888280425102
3092.11296,0.0242025,2.1639085008382365e-4,0.8940847023399388
3090.1828,0.02415,2.1863211109075464e-4,0.9053089486159612
3088.25264,0.0240975,2.1608254595562894e-4,0.8967010932902955
3086.32248,0.0240375,2.1108844907605237e-4,0.8781630746793649
3084.39232,0.0239775,2.1561926320870964e-4,0.8992566498121558
3082.46217,0.02391,2.0704266871026113e-4,0.8659250050617361
3080.53201,0.02384,2.0248456731316607e-4,0.8493480172532133
3078.60185,0.023765,2.0631690833925045e-4,0.868154463872293
3076.67169,0.0236975,2.1077238908357847e-4,0.8894287966392171
3074.74153,0.023612499999999998,2.1187653637594472e-4,0.8973066654354461
3072.81138,0.023535,2.080865204668478e-4,0.8841577245245287
3070.88122,0.023467500000000002,2.0629671188202107e-4,0.8790740891957858
3068.95106,0.0233975,2.0172175556113617e-4,0.8621508945876105
3067.0209,0.023325,1.9672315572906047e-4,0.843400453286433
3065.09074,0.02325,1.9578900207451266e-4,0.8421032347290867
3063.16059,0.023175,2.0174241001831905e-4,0.8705174110822829
3061.23043,0.0231075,2.1077238908357948e-4,0.9121384359345643
3059.30027,0.0230325,2.118765363759434e-4,0.9199024698836139
3057.37011,0.0229475,2.0434855843223676e-4,0.8905046668797768
3055.43996,0.02288,2.024845673131667e-4,0.8849849969981061
3053.5098,0.0228,2.024845673131667e-4,0.8880902075138889
3051.57964,0.022719999999999997,2.0231987873991377e-4,0.8904924240313107
3049.64948,0.02263,2.0231987873991442e-4,0.8940339316832276
3047.71932,0.0225275,1.9771612647092476e-4,0.877665637425035
3045.78917,0.022430000000000002,1.9612920911140887e-4,0.8744057472644176
3043.85901,0.02231,2.0066555924389906e-4,0.8994422198292203
3041.92885,0.022195,2.0141168453361146e-4,0.9074642240757443
3039.99869,0.02207,1.9578900207451136e-4,0.887127331556463
3038.06853,0.021925,1.9017535767461156e-4,0.867390456896746
3036.13838,0.0217925,1.8750555547325428e-4,0.860413240671122
3034.20822,0.021650000000000003,1.9131126469708925e-4,0.8836548022960242
3032.27806,0.02151,1.9578900207451236e-4,0.9102231616667241
3030.3479,0.021385,1.9017535767461156e-4,0.8892932320533624
3028.41774,0.02127,1.849324200890693e-4,0.8694519045090235
3026.48759,0.021152499999999998,1.8080837001274743e-4,0.8547848718248313
3024.55743,0.021032500000000003,1.8080837001274743e-4,0.8596618091655648
3022.62727,0.020935,1.8357559750685915e-4,0.8768836756955298
3020.69711,0.0208225,1.8553975315279434e-4,0.891054163298328
3018.76696,0.020734999999999996,1.7710637105046968e-4,0.8541421319048456
3016.8368,0.020649999999999998,1.7185265006200334e-4,0.8322162230605489
3014.90664,0.0205675,1.7557049866079435e-4,0.8536307215791631
3012.97648,0.020482499999999997,1.7423642940939002e-4,0.85065997514654
3011.04632,0.020415,1.7233687939614034e-4,0.8441679127903029
3009.11617,0.020355,1.7897858344878385e-4,0.8792855978815222
3007.18601,0.020285,1.7935068069752788e-4,0.8841542060514068
3005.25585,0.020235,1.725301905947666e-4,0.8526325208538007
3003.32569,0.0201875,1.817278184538622e-4,0.9001997198952927
3001.39553,0.02013,1.8457157599876132e-4,0.9168980427161517
2999.46538,0.020105,1.7710637105046968e-4,0.8809070930140248
2997.53522,0.0200825,1.7269916039170554e-4,0.8599485143368881
2995.60506,0.0200725,1.6958282145704853e-4,0.8448515205233454
2993.6749,0.02008,1.7813852287849877e-4,0.8871440382395357
2991.74474,0.0200975,1.8006943105369086e-4,0.8959792563935358
2989.81459,0.0201475,1.7346949779908482e-4,0.8609976314633817
2987.88443,0.0202175,1.8006943105369086e-4,0.890661214560113
2985.95427,0.0203025,1.8750555547325298e-4,0.9235589482736263
2984.02411,0.02042,1.8938496948455792e-4,0.9274484303847107
2982.09396,0.02055,1.8938496948455664e-4,0.9215813600221735
2980.1638,0.020700000000000003,1.8938496948455664e-4,0.9149032342249112
2978.23364,0.0208625,1.828250529878219e-4,0.8763333875989068
2976.30348,0.021047500000000004,1.8191115047370396e-4,0.8642886351049005
2974.37332,0.021225,1.9052558883257586e-4,0.8976470616375776
2972.44317,0.021422500000000004,1.908533468399236e-4,0.890901373975603
2970.51301,0.021617499999999998,1.9805302320338464e-4,0.9161698771984951
2968.58285,0.02182,1.9578900207451136e-4,0.8972914852177423
2966.65269,0.022019999999999998,2.0248456731316577e-4,0.919548443747347
2964.72253,0.0222225,1.9922767545365474e-4,0.8965133331247822
2962.79238,0.02241,2.0066555924389782e-4,0.8954286445510836
2960.86222,0.022595000000000004,2.080865204668478e-4,0.92094056413741
2958.93206,0.0227925,2.0998015779274693e-4,0.9212686532532496
2957.0019,0.022985,2.037154878746338e-4,0.8862975326283828
2955.07174,0.0232,1.9815818596935809e-4,0.8541301119368884
2953.14159,0.0234125,2.0726392192886188e-4,0.885270355275438
2951.21143,0.02364,2.0896570691543364e-4,0.8839496908436278
2949.28127,0.023885000000000003,2.080865204668478e-4,0.8712016766457935
2947.35111,0.024145,2.080865204668478e-4,0.8618203374067004
2945.42096,0.0244225,2.118765363759443e-4,0.8675464689362036
2943.4908,0.024717499999999996,2.1281838892977877e-4,0.8610028883575556
2941.56064,0.025017499999999998,2.1746647251166503e-4,0.8692574098597583
2939.63048,0.0253175,2.2396056200441516e-4,0.8846077298485836
2937.70032,0.025625000000000002,2.2810816147900747e-4,0.8901781911375901
2935.77017,0.025935000000000003,2.2128413107737007e-4,0.853225876527357
2933.84001,0.026225,2.193171219946126e-4,0.8362902649937564
2931.90985,0.026494999999999998,2.193171219946126e-4,0.8277679637464148
2929.97969,0.026755,2.3043437243605924e-4,0.8612759201497261
2928.04953,0.0269725,2.3893862531341886e-4,0.8858601364850083
2926.11938,0.027164999999999998,2.4186773244895676e-4,0.890365295228996
2924.18922,0.027305000000000003,2.3699507730471197e-4,0.8679548701875551
2922.25906,0.0274025,2.3414738947936147e-4,0.8544745533413428
2920.3289,0.0274625,2.3414738947936278e-4,0.8526076995152035
2918.39874,0.0274775,2.3514180118955122e-4,0.8557612635412656
2916.46859,0.027442499999999998,2.295466546623294e-4,0.8364640782083608
2914.53843,0.0273675,2.2201726659579264e-4,0.8112442371272226
2912.60827,0.027275,2.3699507730471327e-4,0.8689095409888662
2910.67811,0.027159999999999997,2.3804761428476104e-4,0.8764639701206226
2908.74796,0.027030000000000002,2.3622023622035508e-4,0.8739187429535888
2906.8178,0.02688,2.3137271518771003e-4,0.8607615892399926
2904.88764,0.02673,2.267156809750919e-4,0.8481694013284397
2902.95748,0.0265725,2.2765104875664336e-4,0.8567167137327815
2901.02732,0.02642,2.1832697191750473e-4,0.8263700678179589
2899.09717,0.0262625,2.21265300789196e-4,0.8425142343234497
2897.16701,0.026125,2.2575798250929383e-4,0.8641453875953831
2895.23685,0.025997500000000003,2.3514180118955254e-4,0.9044785121244447
2893.30669,0.025882499999999996,2.2765104875664403e-4,0.8795558727195752
2891.37653,0.025775,2.2810816147900807e-4,0.8849977166983825
2889.44638,0.0256775,2.242580359020979e-4,0.8733639797569777
2887.51622,0.025595,2.1931712199461324e-4,0.8568748661637556
2885.58606,0.0255275,2.1561926320870964e-4,0.8446548357994696
2883.6559,0.0254675,2.1561926320870896e-4,0.8466447951652457
2881.72574,0.0254225,2.163908500838243e-4,0.8511784839564334
2879.79559,0.025389999999999996,2.267156809750919e-4,0.8929329695749978
2877.86543,0.0253725,2.1838421798899864e-4,0.8607122592925358
2875.93527,0.025365000000000002,2.1455380055672102e-4,0.8458655649782022
2874.00511,0.025355000000000003,2.145538005567216e-4,0.8461991739567012
2872.07495,0.0253425,2.1838421798899926e-4,0.8617311551307063
2870.1448,0.0253325,2.163908500838243e-4,0.8542025069922996
2868.21464,0.0253225,2.1639085008382333e-4,0.8545398364451507
2866.28448,0.02529,2.1369760566432782e-4,0.8449885554145031
2864.35432,0.025259999999999998,2.1369760566432847e-4,0.8459921047677296
2862.42417,0.0252025,2.1639085008382365e-4,0.8586086701074246
2860.49401,0.025142499999999998,2.1187653637594372e-4,0.8427027398864223
2858.56385,0.025035,2.1063396370639425e-4,0.8413579536904104
2856.63369,0.024915,2.1486429825977793e-4,0.862389316715946
2854.70353,0.024755000000000003,2.1268129521265737e-4,0.8591447998895468
2852.77338,0.024565,2.0141168453361054e-4,0.8199132283069837
2850.84322,0.024354999999999998,2.014116845336108e-4,0.826982896873787
2848.91306,0.0241025,2.0336748347101459e-4,0.8437609520631245
2846.9829,0.0238325,2.033674834710153e-4,0.8533199768006516
2845.05274,0.023549999999999998,2.0248456731316577e-4,0.8598070798860543
2843.12259,0.0232525,1.939716474127088e-4,0.8341969569410119
2841.19243,0.022949999999999998,1.9113694915775202e-4,0.832840737070815
2839.26227,0.022649999999999997,1.9578900207451266e-4,0.8644106051854864
2837.33211,0.0223575,0.00018839232114570504,0.842635899119781
2835.40195,0.022082499999999998,1.828250529878219e-4,0.8279182745967256
2833.4718,0.021825,1.8556220879622332e-4,0.8502277608074379
2831.54164,0.021580000000000002,1.9131126469708925e-4,0.8865211524424895
2829.61148,0.021357499999999998,1.8643586922406763e-4,0.8729292717971094
2827.68132,0.021157500000000003,1.9120233610846153e-4,0.9037094936001961
2825.75117,0.02098,1.8920887928424446e-4,0.9018535714215656
2823.82101,0.020825,1.8193405398660227e-4,0.8736329123006111
2821.89085,0.0206875,1.7519037264263887e-4,0.8468416804478011
2819.96069,0.0205725,1.7632829230349405e-4,0.8571067799416408
2818.03053,0.0204625,1.8117670931993413e-4,0.8854084756013885
2816.10038,0.0203625,1.8117670931993416e-4,0.8897567062980193
2814.17022,0.02027,1.781385228784984e-4,0.8788284305796664
2812.24006,0.020194999999999998,1.725301905947672e-4,0.8543213201028335
2810.3099,0.020135,1.725301905947672e-4,0.8568671000485085
2808.37974,0.020059999999999998,1.7185265006200334e-4,0.8566931707976239
2806.44959,0.019987500000000002,1.6879474715365538e-4,0.8445015492365495
2804.51943,0.0199075,1.707581135212425e-4,0.8577576969546276
2802.58927,0.019835,1.72336879396141e-4,0.8688524295242803
2800.65911,0.01975,1.7146428199482262e-4,0.8681735797206208
1798.90716,0.007560000000000001,6.218252702059194e-5,0.8225201986850785
1796.977,0.007205,6.757711644237748e-5,0.9379197285548575
1795.04685,0.006865,6.557438524301992e-5,0.9551986197089574
1793.11669,0.00656,5.715476066494072e-5,0.8712615955021451
1791.18653,0.006345,5.9721576223896546e-5,0.9412383959636965
1789.25637,0.0061975,5.315072906367331e-5,0.8576156363642324
1787.32622,0.0060925,5.3774219349671995e-5,0.8826297800520639
1785.39606,0.0060225,5.1234753829798284e-5,0.8507223549987262
1783.4659,0.005962500000000001,4.9916597106239535e-5,0.8371756328090487
1781.53574,0.0059,5.887840577551914e-5,0.9979390809410024
1779.60558,0.005827500000000001,6.652067347825039e-5,1.1414958983826748
1777.67543,0.0057599999999999995,6.055300708194966e-5,1.051267484061626
1775.74527,0.00568,5.944184833375694e-5,1.0465114143267067
1773.81511,0.005615,6.454972243679032e-5,1.1495943443773875
1771.88495,0.0055674999999999995,5.500000000000005e-5,0.9878760664571181
1769.95479,0.005535,5.507570547286116e-5,0.9950443626533182
1768.02464,0.00549,5.7154760664940875e-5,1.041070321765772
1766.09448,0.0053775,5.057996968497849e-5,0.940585210320381
1764.16432,0.0051525,5.5602757725374226e-5,1.079141343529825
1762.23416,0.004855,5.1961524227066426e-5,1.070268264203222
1760.304,0.004507499999999999,3.5000000000000044e-5,0.7764836383804781
1758.37385,0.0041525,3.774917217635369e-5,0.9090709735425331
1756.44369,0.0038,4.3204937989385845e-5,1.136972052352259
1754.51353,0.0034449999999999997,4.041451884327391e-5,1.173135525203887
1752.58337,0.0030749999999999996,3.41565025531986e-5,1.110780570835727
1750.65322,0.0027225,2.8722813232690028e-5,1.0550160967011948
1748.72306,0.00244,2.708012801545327e-5,1.1098413121087407
1746.7929,0.002265,3.3166247903553934e-5,1.4642935056756703
1744.86274,0.0021875,3.7749172176353646e-5,1.725676442347595
1742.93258,0.0022025,3.403429642777011e-5,1.5452574995582344
1741.00243,0.0023150000000000002,3.415650255319875e-5,1.4754428748681965
1739.07227,0.0025025,3.5939764421413134e-5,1.4361544224340914
1737.14211,0.0027375000000000003,4.11298755975101e-5,1.5024612090414646
1735.21195,0.0030025,4.645786621588779e-5,1.5473061187639563
1733.28179,0.003295,3.872983346207427e-5,1.175412244676002
1731.35164,0.0035900000000000003,4.163331998932259e-5,1.1597025066663673
1729.42148,0.0038950000000000005,4.203173404306173e-5,1.0791202578449737
1727.49132,0.004165,4.4347115652166725e-5,1.0647566783233307
1725.56116,0.0043525,3.862210075418843e-5,0.8873544113541283
1723.631,0.004432499999999999,4.0311288741492685e-5,0.9094481385559549
1721.70085,0.004335,4.4347115652166725e-5,1.0230015144675138
1719.77069,0.004095,4.434711565216702e-5,1.082957647183566
1717.84053,0.0037375,4.2720018726587546e-5,1.1430105344906367
1715.91037,0.00336,3.366501646120684e-5,1.001935013726394
1713.98022,0.0030225,3.403429642777011e-5,1.1260313127467365
1712.05006,0.0026825,3.403429642777011e-5,1.2687528957230239
1710.1199,0.00231,3.1622776601683877e-05,1.368951368038263
1708.18974,0.0018825,2.9860788111948195e-5,1.586230444193795
1706.25958,0.00146,2.1602468994692858e-5,1.4796211640200587
1704.32943,0.00109,2.943920288775947e-5,2.700844301629309
1702.39927,8.075000000000001e-4,3.09569593683445e-5,3.8336791787423525
1700.46911,6.55e-4,2.081665999466134e-5,3.1781160297192885
1698.5389500000001,6.775e-4,1.707825127659933e-5,2.5207750961770223
1696.60879,9.224999999999999e-4,2.629955639676585e-5,2.8509004224136425
1694.67864,0.0014025,2.5000000000000066e-5,1.7825311942959048
1692.74848,0.0020550000000000004,3.7859388972001714e-5,1.842306032700813
1690.81832,0.0028599999999999997,4.690415759823423e-5,1.6400055104277704
1688.88816,0.0037849999999999997,3.872983346207427e-5,1.0232452698038117
1686.958,0.004805,4.434711565216656e-5,0.9229368502011772
1685.02785,0.005915,5.507570547286116e-5,0.9311192810289293
1683.09769,0.0070725,6.601767440112787e-5,0.9334418437769936
1681.16753,0.008285,7.000000000000009e-5,0.8449004224502122
1679.23737,0.0095225,7.932002689527166e-5,0.8329748164376127
1677.30721,0.0107025,8.995369179009107e-5,0.8404923316056162
1675.37706,0.0118075,1.1026483271348663e-4,0.9338541834722559
1673.4469,0.01285,1.0862780491200219e-4,0.8453525674085773
1671.51674,0.0138425,1.0719919153924012e-4,0.7744207443687203
1669.58658,0.0147925,1.1757976016304906e-4,0.7948606399394901
1667.65643,0.015645,1.1958260743101294e-4,0.7643503191499709
1665.7262700000001,0.01635,1.2832251036613547e-4,0.7848471582026634
1663.79611,0.0168925,1.3375973484822104e-4,0.7918291244529881
1661.86595,0.01729,1.373559851869108e-4,0.7944244371712598
1659.93579,0.017577500000000003,1.3913422775626777e-4,0.7915473062509899
1658.00564,0.0177825,1.3720422734012316e-4,0.7715688308175068
1656.07548,0.017912499999999998,1.431491064123925e-4,0.7991576073266854
1654.14532,0.0180325,1.4314910641239365e-4,0.7938394920970118
1652.21516,0.018215000000000002,1.410673597966594e-4,0.7744570946838286
1650.285,0.0184975,1.4499999999999924e-4,0.7838897148263237
1648.35485,0.01885,1.3928388277184065e-4,0.738906539903664
1646.42469,0.01924,1.5165750888103115e-4,0.78824069064985
1644.49453,0.0196625,1.5542951242712347e-4,0.7904870307800305
1642.56437,0.020095000000000002,1.6093476939431058e-4,0.8008697158214011
1640.63421,0.02048,1.555634918610399e-4,0.7595873626027339
1638.70406,0.020835,1.6093476939431058e-4,0.772425099084764
1636.7739,0.021185,1.666333299993327e-4,0.7865628038675134
1634.84374,0.02153,1.7720045146669261e-4,0.8230397188420464
1632.91358,0.0218625,1.80992633367586e-4,0.8278679628019942
1630.98343,0.0221125,1.8099263336758664e-4,0.8185082345622912
1629.05327,0.022262499999999998,1.7366154822911586e-4,0.7800631026574549
1627.12311,0.0223225,1.7366154822911453e-4,0.7779663936795365
1625.19295,0.022315,1.7019596548292927e-4,0.762697582267216
1623.26279,0.022252499999999998,1.6859715300087443e-4,0.7576548837248598
1621.33264,0.0221525,1.6859715300087308e-4,0.7610750615094146
1619.40248,0.022045000000000002,1.7748239349298756e-4,0.8050913744295194
1617.47232,0.021912499999999998,1.7538053863907908e-4,0.80036754655598
1615.54216,0.0218175,1.6997548842896868e-4,0.7790786681744869
1613.612,0.021752499999999998,1.6859715300087443e-4,0.7750702356091228
1611.68185,0.0217225,1.6132265804901652e-4,0.7426523560778756
1609.75169,0.021715,1.59269164205337e-4,0.733452287383546
1607.82153,0.0217375,1.6255768207008828e-4,0.7478214241292157
1605.89137,0.0217925,1.6800297616411392e-4,0.7709210791057196
1603.96121,0.021872500000000003,1.7366154822911453e-4,0.7939721030020094
1602.03106,0.0219675,1.6680827317612227e-4,0.7593411775401037
1600.1009,0.0220975,1.7056279391082605e-4,0.7718646630199165
1598.17074,0.022184999999999996,1.7253019059476775e-4,0.7776884858903214
1596.24058,0.022205000000000003,1.7019596548292927e-4,0.7664758634673688
1594.31043,0.022135000000000002,1.71755640373176e-4,0.7759459696100113
1592.38027,0.0219225,1.680029761641152e-4,0.7663495320520706
1590.45011,0.021584999999999997,1.6441816606851457e-4,0.7617241884110011
1588.51995,0.0210675,1.6255768207008959e-4,0.771604044476514
1586.58979,0.020385,1.6441816606851457e-4,0.8065644644028185
1584.65964,0.019557500000000002,1.6680827317612303e-4,0.85291204487344
1582.72948,0.01865,1.5165750888103115e-4,0.8131769913192018
1580.79932,0.017667500000000003,1.424488212189426e-4,0.8062760504821994
1578.86916,0.0166225,1.314977819838289e-4,0.7910830620173194
1576.939,0.015560000000000001,1.2832251036613384e-4,0.8246947966975183
1575.00885,0.014505,1.2069244660154434e-4,0.8320747783629393
1573.07869,0.013439999999999999,1.1518101695447338e-4,0.8570016142445936
1571.14853,0.01236,1.1284207253207167e-4,0.9129617518776026
1569.21837,0.011277500000000001,9.810708435174277e-5,0.8699364606671935
1567.28821,0.0102075,8.460693430998007e-5,0.8288702846924328
1565.35806,0.009174999999999999,8.062257748298544e-5,0.8787201905502502
1563.4279,0.008195000000000001,7.505553499465118e-5,0.9158698596052613
1561.49774,0.0073125,6.601767440112787e-5,0.9028058037761075
1559.56758,0.0065674999999999996,5.619905100029122e-5,0.8557145184665584
1557.63743,0.006007500000000001,5.619905100029122e-5,0.9354814981321883
1555.70727,0.0056225,6.130524719249848e-5,1.0903556637171807
1553.77711,0.0053425,5.852349955359812e-5,1.0954328414337504
1551.84695,0.005125,5.5075705472860695e-5,1.0746479116655745
1549.91679,0.004945,5.196152422706612e-5,1.0507891653602857
1547.98664,0.004762499999999999,4.573474244670742e-5,0.9603095526867701
1546.05648,0.00454,5.099019513592804e-5,1.1231320514521594
1544.12632,0.00426,4.3204937989385845e-5,1.0142004222860528
1542.19616,0.0039924999999999995,4.031128874149274e-5,1.009675359837013
1540.266,0.0038150000000000002,4.041451884327391e-5,1.0593582920910591
1538.33585,0.0037275000000000003,3.862210075418812e-5,1.036139523921881
1536.40569,0.0036475,4.500000000000012e-5,1.2337217272104213
1534.47553,0.0035275000000000003,3.862210075418813e-5,1.0948859179075303
1532.54537,0.0033525,3.774917217635367e-5,1.1260006614870595
1530.61521,0.0031325,2.9860788111948273e-5,0.9532574018179816
1528.68506,0.00284,3.3665016461207015e-5,1.1853879035636272
1526.7549,0.0024475,3.304037933599844e-5,1.349964426394216
1524.82474,0.00198,2.943920288775957e-5,1.4868284286747255
1522.89458,0.0015049999999999998,2.6457513110645882e-5,1.7579742930661717
1520.96443,0.00107,2.1602468994692922e-5,2.0189223359526096
1519.03427,7.3e-4,1.4142135623730938e-5,1.937278852565882
1517.10411,5.275000000000001e-4,1.707825127659934e-5,3.2375831803979787
1515.17395,4.75e-4,1.9148542155126762e-5,4.031272032658266
1513.24379,5.525e-4,1.2583057392117898e-5,2.277476451062063
1511.31364,7.325000000000001e-4,2.2173557826083454e-5,3.0271068704550785
1509.38348,9.8e-4,3.265986323710908e-5,3.3326391058274574
1507.45332,0.0013224999999999999,2.872281323269022e-5,2.171857333284705
1505.52316,0.0017875,2.4999999999999984e-5,1.3986013986013976
1503.593,0.00233,2.943920288775957e-5,1.2634851024789513
1501.66285,0.00293,4.3204937989385716e-5,1.4745712624363725
1499.73269,0.0035675,4.5734742446707364e-5,1.2819829697745582
1497.80253,0.0042725,3.862210075418794e-5,0.9039695905017657
1495.87237,0.0050774999999999995,4.573474244670767e-5,0.9007334799942428
1493.94221,0.005925,5.196152422706612e-5,0.8769877506677827
1492.01206,0.006710000000000001,5.715476066494072e-5,0.8517848087174473
1490.0819,0.0074199999999999995,6.480740698407864e-5,0.8734151884646718
1488.15174,0.008074999999999999,7.000000000000009e-5,0.8668730650154811
1486.22158,0.008632500000000001,7.932002689527166e-5,0.9188534827138333
1484.29142,0.009062500000000001,7.932002689527186e-5,0.8752554691892066
1482.36127,0.0093375,8.460693430998076e-5,0.9060983594107711
1480.43111,0.009495,8.34665601703258e-5,0.8790580323362381
1478.50095,0.0095675,8.460693430997984e-5,0.884316010556361
1476.57079,0.009604999999999999,8.66025403784436e-5,0.9016401913424634
1474.64064,0.0096475,8.655441448399194e-5,0.897169364954568
1472.71048,0.0097625,8.995369179009107e-5,0.9214206585412658
1470.78032,0.009957500000000001,8.808140174482499e-5,0.8845734546304291
1468.85016,0.0101725,8.261355820929131e-5,0.8121264016642055
1466.92,0.010382500000000001,8.539125638299629e-5,0.8224537094437397
1464.98985,0.0106025,8.261355820929131e-5,0.7791894195641716
1463.05969,0.010895000000000002,8.81286937760148e-5,0.8088911773842568
1461.12953,0.0112875,9.215023964519399e-5,0.8163919348411428
1459.19937,0.0117875,9.979144919948508e-5,0.8465870557750591
1457.26921,0.012365000000000001,1.0148891565092191e-4,0.8207757027975892
1455.33906,0.0130475,9.979144919948446e-5,0.7648319540102277
1453.4089,0.0138025,1.0812801055539005e-4,0.783394389099004
1451.47874,0.014557500000000001,1.1026483271348724e-4,0.757443467034087
1449.54858,0.015275,1.21518174223721e-4,0.7955363287968642
1447.61842,0.01593,1.2675435561221142e-4,0.7956958921042776
1445.68827,0.016495,1.2974333637352293e-4,0.7865616027494571
1443.75811,0.0169575,1.3175102782647755e-4,0.7769484170808052
1441.82795,0.017302500000000002,1.3720422734012194e-4,0.7929734277712581
1439.89779,0.0175275,1.426826315054971e-4,0.8140501013007965
1437.96764,0.017627499999999997,1.4430869689661857e-4,0.8186566268422555
1436.03748,0.01763,1.3515423288475612e-4,0.7666150475595923
1434.10732,0.01758,1.3880441875771218e-4,0.7895586960051888
1432.17716,0.017495,1.332916601542137e-4,0.7618843106842738
1430.247,0.0173775,1.3696106502701248e-4,0.7881517193325419
1428.31685,0.01723,1.4071247279470226e-4,0.8166713452971693
1426.38669,0.017055,1.3771952173409014e-4,0.8075023262039879
1424.45653,0.016812499999999998,1.3225606476327125e-4,0.7866531733131377
1422.52637,0.0165075,1.3175102782647877e-4,0.7981282921488945
1420.59621,0.016165,1.2449899597988804e-4,0.7701762819665207
1418.66606,0.015875,1.2449899597988669e-4,0.7842456439677902
1416.7359,0.01567,1.2247448713915962e-4,0.7815857507285234
1414.80574,0.0155225,1.241974234837425e-4,0.8001122466338703
1412.87558,0.015445,1.2609520212918487e-4,0.8164143873692773
1410.94542,0.015415,1.1902380714238045e-4,0.7721297900900451
1409.01527,0.015385,1.1150485789118507e-4,0.7247634572062729
1407.08511,0.015357500000000001,1.1324751652906137e-4,0.7374085399906323
1405.15495,0.0153025,1.2284814474246958e-4,0.8027978744810952
1403.22479,0.015255000000000001,1.1902380714238073e-4,0.7802281687471695
1401.29464,0.015235,1.1902380714238045e-4,0.781252426270958
1399.36448,0.015237500000000001,1.1236102527122106e-4,0.7373980329530504
1397.43432,0.015290000000000002,1.1372481406154637e-4,0.7437855726719841
1395.50416,0.015415,1.2288205727444484e-4,0.7971589832918899
1393.574,0.015615,1.2974333637352388e-4,0.830889121828523
1391.64385,0.01588,1.3241349377360708e-4,0.8338381220000447
1389.71369,0.0161975,1.2841988423397142e-4,0.7928376862723965
1387.78353,0.016525,1.2449899597988856e-4,0.7533978576695222
1385.85337,0.01686,1.2987173159185542e-4,0.7702949679232232
1383.92321,0.0172,1.373559851869108e-4,0.7985813092262256
1381.99306,0.017527499999999998,1.35984067694222e-4,0.7758326498030068
1380.0629,0.017835,1.372345923349249e-4,0.7694678572185304
1378.13274,0.018125000000000002,1.3723459233492673e-4,0.7571563715030439
1376.20258,0.018394999999999998,1.4059397805975488e-4,0.7643053985308773
1374.27242,0.0186675,1.3696106502701248e-4,0.733687237321615
1372.34227,0.0189375,1.4997221964972834e-4,0.7919325130018658
1370.41211,0.019165,1.500000000000002e-4,0.7826767545003923
1368.48195,0.0193375,1.5521490478258418e-4,0.8026627267360527
1366.55179,0.0194275,1.5521490478258418e-4,0.7989443046330417
1364.62164,0.01944,1.5165750888103115e-4,0.7801312185238228
1362.69148,0.019415,1.4617341299520502e-4,0.7528890702817668
1360.76132,0.019402500000000003,1.4430869689661857e-4,0.7437634165526017
1358.83116,0.019387500000000002,1.388944443333372e-4,0.7164123498818165
1356.901,0.019375,1.4271183085738293e-4,0.7365771915219764
1354.97085,0.019374999999999996,1.4059397805975298e-4,0.7256463383729187
1353.04069,0.01938,1.425949975747149e-4,0.7357843012111192
1351.11053,0.0194025,1.5173990905493532e-4,0.7820636982602002
1349.18037,0.019444999999999997,1.4617341299520502e-4,0.7517275031895349
1347.25021,0.0195025,1.4997221964972956e-4,0.7689897174707324
1345.32006,0.019565,1.5351438586225946e-4,0.7846378014937871
1343.3899,0.019637500000000002,1.4997221964972902e-4,0.7637032190947372
1341.45974,0.019727500000000002,1.4997221964972956e-4,0.7602190832580386
1339.52958,0.019874999999999997,1.5351438586225946e-4,0.7723994257220602
1337.59942,0.0200725,1.4637281168304483e-4,0.7292206336183576
1335.66927,0.020315,1.535143858622589e-4,0.755670124844986
1333.73911,0.02059,1.5383974345619105e-4,0.7471575689955854
1331.80895,0.0208625,1.6800297616411392e-4,0.8052868839502166
1329.87879,0.021135,1.7710637105046884e-4,0.8379766787341796
1327.94864,0.0213975,1.6997548842896998e-4,0.7943707836381353
1326.01848,0.02164,1.5895492023421803e-4,0.7345421452597876
1324.08832,0.021852500000000004,1.6070158679988176e-4,0.7353922288062316
1322.15816,0.021997499999999996,1.6255768207008828e-4,0.7389825301515549
1320.228,0.022115000000000003,1.6093476939431058e-4,0.7277177001777551
1318.29785,0.02221,1.683250823060341e-4,0.7578797042144715
1316.36769,0.02226,1.683250823060354e-4,0.7561773688501141
1314.43753,0.022252499999999998,1.6997548842896996e-4,0.7638489537309066
1312.50737,0.0222025,1.6800297616411392e-4,0.7566849506321988
1310.57721,0.0220675,1.5521490478258418e-4,0.7033642450779842
1308.64706,0.0218675,1.6070158679988176e-4,0.7348877868978245
1306.7169,0.0216125,1.6070158679988176e-4,0.7435585277033281
1304.78674,0.021307499999999997,1.6255768207008828e-4,0.7629129746337595
1302.85658,0.02096,1.5895492023421803e-4,0.7583727110411166
1300.92642,0.020582500000000004,1.4430869689661857e-4,0.7011232692657283
1298.99627,0.020175,1.4798648586948773e-4,0.7335141802700755
1297.06611,0.01978,1.4809906594348736e-4,0.7487313748406844
1295.13595,0.01943,1.4809906594348736e-4,0.7622185586386381
1293.20579,0.0190875,1.5195942440884247e-4,0.7961201016835231
1291.27564,0.018777500000000003,1.4453949863849067e-4,0.769748361807965
1289.34548,0.0184925,1.4430869689661857e-4,0.7803633737819039
1287.41532,0.018225,1.4271183085738483e-4,0.7830553133464186
1285.48516,0.01798,1.373559851869108e-4,0.7639376261785918
1283.555,0.0177625,1.3351029922818592e-4,0.7516413749651564
1281.62485,0.017570000000000002,1.2987173159185355e-4,0.7391675104829456
1279.69469,0.0173825,1.2816005617976407e-4,0.7372935779074591
1277.76453,0.017240000000000002,1.2987173159185355e-4,0.7533163085374335
1275.83437,0.017115,1.3527749258468764e-4,0.7904031118006875
1273.90421,0.0170175,1.3351029922818776e-4,0.7845470793488336
1271.97406,0.0169475,1.3696106502701248e-4,0.8081490781944975
1270.0439,0.0169125,1.3375973484822172e-4,0.7908927411572607
1268.11374,0.016882499999999998,1.3149778198382888e-4,0.7788999377096336
1266.18358,0.0168775,1.3351029922818776e-4,0.7910549502484833
1264.25342,0.0168975,1.3351029922818592e-4,0.7901186520383838
1262.32327,0.0169125,1.3889444433333657e-4,0.8212531815718348
1260.39311,0.016964999999999997,1.4059397805975488e-4,0.8287296083687291
1258.46295,0.017015,1.4059397805975488e-4,0.8262943171305018
1256.53279,0.01709,1.3515423288475482e-4,0.7908381093315086
1254.60263,0.017150000000000002,1.243650540411836e-4,0.7251606649631696
1252.67248,0.01722,1.2675435561221096e-4,0.7360880116853133
1250.74232,0.017265,1.3203534880225538e-4,0.7647573055444853
1248.81216,0.0173025,1.314977819838289e-4,0.7599929604613722
1246.882,0.017307499999999996,1.260621539823378e-4,0.7283672048668949
1244.95185,0.017285000000000002,1.2449899597988856e-4,0.7202718888046776
1243.02169,0.017225,1.2449899597988669e-4,0.7227808184608806
1241.09153,0.0171225,1.3149778198383015e-4,0.767982373974771
1239.16137,0.016985,1.332916601542137e-4,0.784761025341264
1237.23121,0.01681,1.2780193008453798e-4,0.7602732307230101
1235.30106,0.016589999999999997,1.2247448713915892e-4,0.7382428398984867
1233.3709,0.016345,1.2233832869001847e-4,0.7484755502601315
1231.44074,0.0160725,1.241974234837422e-4,0.7727324528464284
1229.51058,0.015780000000000002,1.278019300845386e-4,0.8098981627664043
1227.58042,0.0154925,1.2065791865158893e-4,0.7788150308316214
1225.65027,0.0152025,1.1528949070347484e-4,0.7583587614107866
1223.72011,0.014924999999999999,1.1704699910719624e-4,0.7842344998807118
1221.78995,0.0146575,1.132475165290614e-4,0.7726250488081965
1219.85979,0.014405000000000001,1.1704699910719685e-4,0.8125442492689819
1217.92963,0.01415,1.1165422816296106e-4,0.7890758174060852
1215.99948,0.013930000000000001,9.865765724632473e-5,0.7082387454868968
1214.06932,0.013707500000000001,1.0468205831628157e-4,0.7636845399692253
1212.13916,0.013500000000000002,1.0862780491200219e-4,0.8046504067555716
1210.209,0.01328,1.0614455552060453e-4,0.7992812915708173
1208.27885,0.013035,1.0408329997330684e-4,0.7984909856026609
1206.34869,0.01278,1.0230672835481867e-4,0.8005221311018675
1204.41853,0.012504999999999999,9.327379053088816e-5,0.7458919674601213
1202.48837,0.0122175,9.178779875342918e-5,0.7512813485036152
1200.55821,0.01191,8.793937305515303e-5,0.7383658526881026
1198.62806,0.0116125,8.958236433584476e-5,0.7714304786725061
1196.6979,0.0113275,9.322910847297935e-5,0.8230334007766881
1194.76774,0.0110975,8.421203397773226e-5,0.7588378822052918
1192.83758,0.0109325,8.42120339777316e-5,0.7702907292726422
1190.90742,0.01084,8.406346808612398e-5,0.775493248026974
1188.97727,0.010867499999999999,8.42120339777316e-5,0.7748979432043397
1187.04711,0.011015,8.812869377601549e-5,0.8000789267000952
1185.11695,0.011287499999999999,9.178779875342916e-5,0.8131809413371355
1183.18679,0.0116675,8.65544144839915e-5,0.7418419925776002
1181.25663,0.012199999999999999,8.793937305515277e-5,0.7208145332389572
1179.32648,0.012855,9.574271077563374e-5,0.7447896598649065
1177.39632,0.0136,1.0677078252031353e-4,0.7850792832375996
1175.46616,0.014425,1.0969655114602885e-4,0.7604613597644981
1173.536,0.015305,1.0969655114602853e-4,0.7167366948450085
1171.60585,0.016195,1.1561430130683053e-4,0.7138888626540939
1169.67569,0.0170675,1.2419742348374158e-4,0.7276837467920996
1167.74553,0.017875000000000002,1.2793227374930437e-4,0.7157050279681363
1165.81537,0.018592499999999998,1.376892636821527e-4,0.7405634728097497
1163.88521,0.019174999999999998,1.4843629385474905e-4,0.7741136576518856
1161.95506,0.019592500000000002,1.523975065412818e-4,0.7778359399835741
1160.0249,0.019855,1.5110702608857487e-4,0.761052762974439
1158.09474,0.019950000000000002,1.4899664425751318e-4,0.7468503471554544
1156.16458,0.019889999999999998,1.5253414918196763e-4,0.7668886333935026
1154.23442,0.0196975,1.504160895649129e-4,0.7636303569737931
1152.30427,0.019387500000000002,1.5041608956491224e-4,0.7758405651317201
1150.37411,0.019025,1.4617341299520445e-4,0.768322801551666
1148.44395,0.0186075,1.4127396551853765e-4,0.7592313073681991
1146.51379,0.018189999999999998,1.3735598518690897e-4,0.7551181153760802
1144.58363,0.017812500000000002,1.3889444433333844e-4,0.7797582839766367
1142.65348,0.0175325,1.335102992281878e-4,0.7615017780019266
1140.72332,0.01735,1.373559851869108e-4,0.7916771480513591
1138.79316,0.0173175,1.3889444433333657e-4,0.80204674077284
1136.863,0.01745,1.4259499757471677e-4,0.8171633098837637
1134.93285,0.0177625,1.3351029922818592e-4,0.7516413749651564
1133.00269,0.01826,1.3515423288475422e-4,0.7401655689197932
1131.07253,0.018932499999999998,1.4430869689661857e-4,0.7622273703769633
1129.14237,0.01977,1.4809906594348736e-4,0.7491100958193595
1127.21221,0.0207325,1.5239750654128198e-4,0.735065749626345
1125.28206,0.021830000000000002,1.6124515496597025e-4,0.7386401968207524
1123.3519,0.0229825,1.6820126832656906e-4,0.7318667174004964
1121.42174,0.024165,1.774823934929889e-4,0.7344605565610961
1119.49158,0.025355000000000003,1.774823934929889e-4,0.6999897199486841
1117.56142,0.02652,1.888562063228711e-4,0.7121274748222892
1115.63127,0.027630000000000002,2.0944370763206644e-4,0.758030067434189
1113.70111,0.0286375,2.109304782781926e-4,0.7365533942494721
1111.77095,0.029552500000000002,2.1281838892977986e-4,0.7201366684029433
1109.84079,0.030332500000000002,2.2366269246345085e-4,0.7373697930056897
1107.91063,0.030985,2.1977260975835898e-4,0.7092871058846506
1105.98048,0.031505,2.1977260975836025e-4,0.6975800976300913
1104.05032,0.03189,2.2759613353482165e-4,0.7136912309025452
1102.12016,0.03215,2.3252240035460508e-4,0.7232423028137016
1100.19,0.0323075,2.328626204439006e-4,0.7207695440498354
1098.25985,0.032369999999999996,2.3622023622035557e-4,0.729750498054852
1096.32969,0.0323825,2.3243278598339046e-4,0.7177728278650212
1094.39953,0.032365,2.3072349974229573e-4,0.7128796531509215
1092.46937,0.0323675,2.2794370650082514e-4,0.7042363682731911
1090.53921,0.03241,2.3122860261366105e-4,0.7134483264846068
1088.60906,0.0325275,2.3514180118955108e-4,0.7229015485037309
1086.6789,0.03275,2.3252240035460272e-4,0.7099920621514586
1084.74874,0.03308,2.3409399821439314e-4,0.7076602122563275
1082.81858,0.033547499999999994,2.3641418457162538e-4,0.7047147613730543
1080.88842,0.0341675,2.4377243486497772e-4,0.7134628956317486
1078.95827,0.0348925,2.4308777564218816e-4,0.6966762933071237
1077.02811,0.035742499999999996,2.5513068546661793e-4,0.7138020157141161
1075.09795,0.0367175,2.655026679087576e-4,0.7230957116055221
1073.16779,0.037775,2.7670682439482144e-4,0.7325131023026378
1071.23763,0.038892499999999997,2.806391514620398e-4,0.7215765287961428
1069.30748,0.0400475,2.787322490611137e-4,0.6960041177629408
1067.37732,0.041217500000000004,2.8476598579652544e-4,0.6908861182665746
1065.44716,0.042374999999999996,2.996108587262247e-4,0.7070462742801763
1063.517,0.043507500000000005,3.029163801007366e-4,0.6962394531994175
1061.58684,0.044555,3.117156824201609e-4,0.6996199807432633
1059.65669,0.04552,3.123032714099119e-4,0.6860792429918978
1057.72653,0.0463925,3.2170120712653037e-4,0.6934336522639012
1055.79637,0.04714750000000001,3.271467560591099e-4,0.6938793277673468
1053.86621,0.047775,3.3110924682547434e-4,0.6930596479863409
1051.93606,0.048305,3.3481338085566303e-4,0.693123653567256
1050.0059,0.048735,3.410278580995995e-4,0.6997596349637827
1048.07574,0.049085,3.4200389861325543e-4,0.69675847736224
1046.14558,0.04937,3.486163124888665e-4,0.7061298612292213
1044.21542,0.049595,3.4923726414382895e-4,0.7041783731098478
1042.28527,0.049765000000000004,3.492372641438302e-4,0.701772860733106
1040.35511,0.049892500000000006,3.5074919814590943e-4,0.7030098675069588
1038.42495,0.0499825,3.4354766772603596e-4,0.6873359030181282
1036.49479,0.050015000000000004,3.410278580995995e-4,0.6818511608509437
1034.56463,0.050017500000000006,3.442261853297427e-4,0.6882114966356628
1032.63448,0.04997,3.451569691217798e-4,0.6907283752687208
1030.70432,0.049855000000000003,3.4923726414383025e-4,0.7005059956751183
1028.77416,0.049655000000000005,3.492372641438302e-4,0.7033274879545468
1026.844,0.0494025,3.4130875562555965e-4,0.6908734489662661
1024.91384,0.049077499999999996,3.3954626587059814e-4,0.6918572989060122
1022.98369,0.04869,3.3476359818036876e-4,0.6875407643876952
1021.05353,0.0482425,3.307944981404644e-4,0.6856910362034812
1019.12337,0.047735,3.292921701670614e-4,0.6898338120185638
1017.19321,0.0471725,3.3410327744576096e-4,0.7082585774460989
1015.26306,0.04657,3.3186342572409617e-4,0.7126120372001207
1013.3329,0.0459525,3.2785921775461225e-4,0.7134741695329139
1011.40274,0.0453225,3.2066337489647763e-4,0.7075147551359205
1009.47258,0.0446975,3.189958202443e-4,0.7136770965810167
1007.54242,0.044085,3.1203632267200415e-4,0.7078061079097293
1005.61227,0.0435,2.994439290863434e-4,0.6883768484743527
1003.68211,0.042937499999999997,2.899856318279672e-4,0.6753668281291814
1001.75195,0.042402499999999996,2.9170475941723656e-4,0.6879423605146786
999.82179,0.0418875,2.89985631827971e-4,0.6922963457546308
997.89163,0.041385,2.8769196489764385e-4,0.6951599973363389
995.96148,0.040885,2.8769196489764385e-4,0.7036614036875233
994.03132,0.040385,2.7682726262659316e-4,0.6854705029753453
992.10116,0.0398675,2.728094573140754e-4,0.6842903550864122
990.171,0.0393125,2.7207535720825515e-4,0.6920835795440513
988.24084,0.0387225,2.758471799142904e-4,0.7123692424670164
986.31069,0.03806,2.641968962724571e-4,0.6941589497437128
984.38053,0.037325000000000004,2.624880949681334e-4,0.7032500869876314
982.45037,0.036505,2.587791851495516e-4,0.7088869610999907
980.52021,0.035595,2.5252062622024705e-4,0.7094272403996265
978.59006,0.0346,2.5073226092122244e-4,0.7246597136451516
976.6599,0.033517500000000006,2.4390913608691943e-4,0.7277068280358601
974.72974,0.03235,2.34662878757308e-4,0.7253875695743679
972.79958,0.031149999999999997,2.2818121453499612e-4,0.7325239631942092
970.86942,0.0299075,2.0516253719104447e-4,0.68599026060702
968.93927,0.028625,1.9209372712298607e-4,0.6710697890759338
967.00911,0.02733,1.9304576314093657e-4,0.7063511274823878
965.07895,0.0260325,1.925919693722108e-4,0.7398135767683119
963.14879,0.024732499999999998,1.8500000000000067e-4,0.7480036389366247
961.21863,0.0234575,1.6859715300087446e-4,0.7187345326691866
959.28848,0.0222025,1.5840349322747605e-4,0.713448905427209
957.35832,0.020997500000000002,1.4568802284333385e-4,0.6938350891455356
955.42816,0.019819999999999997,1.344123010243727e-4,0.678164990032153
953.498,0.018709999999999997,1.344123010243727e-4,0.718398188264953
951.56784,0.017655,1.2897028081435317e-4,0.7305028649920882
949.63769,0.016655,1.2288205727444448e-4,0.7378088098135364
947.70753,0.0157225,1.1354147553500713e-4,0.7221591702019852
945.77737,0.0148625,1.027537509453226e-4,0.6913624958474187
943.84721,0.0140675,9.742518497116977e-5,0.6925550735466128
941.91706,0.01332,8.869423130433405e-5,0.6658726073898953
939.9869,0.012625,8.660254037844416e-5,0.6859607158688646
938.05674,0.011975,9.146948489341534e-5,0.76383703460054575
936.12658,0.0113625,9.322910847297997e-5,0.8204982043826621
934.19642,0.0108025,8.808140174482565e-5,0.8153797893527022
932.26627,0.010287500000000002,8.2613558209292e-5,0.8030479534317568
930.33611,0.0098225,8.460693430998076e-5,0.8613584556882745
928.40595,0.0094125,7.719024117939607e-5,0.8200822436058015
926.47579,0.009055,7.325753658611928e-5,0.8090285652801686
924.54563,0.008742499999999999,8.220908303425663e-5,0.9403383818616717
922.61548,0.008487499999999999,7.675719293112973e-5,0.9043557340928393
920.68532,0.0082925,7.135591542869241e-5,0.8604873732733483
918.75516,0.00813,6.976149845485481e-5,0.8580750117448316
916.825,0.0080125,6.84957419601152e-5,0.8548610541044018
914.89484,0.0079475,6.60176744011274e-5,0.8306722164344436
912.96469,0.0079125,6.55108133567784e-5,0.827940769122002
911.03453,0.007895,6.999999999999972e-5,0.8866371120962601
909.10437,0.007907500000000001,6.84957419601152e-5,0.8662123548544444
907.17421,0.0079225,6.84957419601152e-5,0.8645723188402045
905.24406,0.0079525,5.8523499553597966e-5,0.7359132292184591
903.3139,0.0079625,6.23832242407097e-5,0.7834627848126806
901.38374,0.007945,6.608075867199619e-5,0.8317276107236776
899.45358,0.007907500000000001,6.652067347825058e-5,0.8412352004837252
897.52342,0.00784,6.218252702059227e-5,0.7931444773034729
895.59327,0.0077199999999999994,6.055300708194994e-5,0.7843653767091963
893.66311,0.0075474999999999995,5.852349955359812e-5,0.7754024452281963
891.73295,0.0073325000000000005,5.909032633745276e-5,0.8058687533235971
889.80279,0.0070825,5.3150729063672997e-5,0.7504515222544722
887.87263,0.0067825,5.852349955359812e-5,0.8628602956667617
885.94248,0.0064575,6.075908711186072e-5,0.9409072723478239
884.01232,0.006095,5.686240703077319e-5,0.9329353081340966
882.08216,0.005722499999999999,5.377421934967245e-5,0.93969802271162
880.152,0.0053425,5.123475382979799e-5,0.959003347305531
878.22184,0.00496,5.47722557505166e-5,1.1042793498088024
876.29169,0.0045775,4.5734742446707195e-5,0.9991205340624183
874.36153,0.00421,5.163977794943236e-5,1.2265980510554004
872.43137,0.0038575,5.057996968497835e-5,1.311211138949536
870.50121,0.0035150000000000003,4.203173404306156e-5,1.1957819073417228
